ID,X,Y
1,-99.035556,19.167122
2,-99.030556,19.167122
3,-99.025556,19.167122
4,-99.020556,19.167122
5,-99.015556,19.167122
6,-99.010556,19.167122
7,-99.005556,19.167122
8,-99.000556,19.167122
9,-98.995556,19.167122
10,-98.990556,19.167122
11,-99.040556,19.172122
12,-99.035556,19.172122
13,-99.030556,19.172122
14,-99.025556,19.172122
15,-99.020556,19.172122
16,-99.015556,19.172122
17,-99.010556,19.172122
18,-99.005556,19.172122
19,-99.000556,19.172122
20,-98.995556,19.172122
21,-98.990556,19.172122
22,-99.070556,19.177122
23,-99.065556,19.177122
24,-99.040556,19.177122
25,-99.035556,19.177122
26,-99.030556,19.177122
27,-99.025556,19.177122
28,-99.020556,19.177122
29,-99.015556,19.177122
30,-99.010556,19.177122
31,-99.005556,19.177122
32,-99.000556,19.177122
33,-98.995556,19.177122
34,-98.990556,19.177122
35,-99.080556,19.182122
36,-99.075556,19.182122
37,-99.070556,19.182122
38,-99.065556,19.182122
39,-99.060556,19.182122
40,-99.055556,19.182122
41,-99.050556,19.182122
42,-99.045556,19.182122
43,-99.040556,19.182122
44,-99.035556,19.182122
45,-99.030556,19.182122
46,-99.025556,19.182122
47,-99.020556,19.182122
48,-99.015556,19.182122
49,-99.010556,19.182122
50,-99.005556,19.182122
51,-99.000556,19.182122
52,-98.995556,19.182122
53,-98.990556,19.182122
54,-99.095556,19.187122
55,-99.090556,19.187122
56,-99.085556,19.187122
57,-99.080556,19.187122
58,-99.075556,19.187122
59,-99.070556,19.187122
60,-99.065556,19.187122
61,-99.060556,19.187122
62,-99.055556,19.187122
63,-99.050556,19.187122
64,-99.045556,19.187122
65,-99.040556,19.187122
66,-99.035556,19.187122
67,-99.030556,19.187122
68,-99.025556,19.187122
69,-99.020556,19.187122
70,-99.015556,19.187122
71,-99.010556,19.187122
72,-99.005556,19.187122
73,-99.000556,19.187122
74,-98.995556,19.187122
75,-98.990556,19.187122
76,-99.110556,19.192122
77,-99.105556,19.192122
78,-99.100556,19.192122
79,-99.095556,19.192122
80,-99.090556,19.192122
81,-99.085556,19.192122
82,-99.080556,19.192122
83,-99.075556,19.192122
84,-99.070556,19.192122
85,-99.065556,19.192122
86,-99.060556,19.192122
87,-99.055556,19.192122
88,-99.050556,19.192122
89,-99.045556,19.192122
90,-99.040556,19.192122
91,-99.035556,19.192122
92,-99.030556,19.192122
93,-99.025556,19.192122
94,-99.020556,19.192122
95,-99.015556,19.192122
96,-99.010556,19.192122
97,-99.005556,19.192122
98,-99.000556,19.192122
99,-98.995556,19.192122
100,-98.990556,19.192122
101,-99.125556,19.197122
102,-99.120556,19.197122
103,-99.115556,19.197122
104,-99.110556,19.197122
105,-99.105556,19.197122
106,-99.100556,19.197122
107,-99.095556,19.197122
108,-99.090556,19.197122
109,-99.085556,19.197122
110,-99.080556,19.197122
111,-99.075556,19.197122
112,-99.070556,19.197122
113,-99.065556,19.197122
114,-99.060556,19.197122
115,-99.055556,19.197122
116,-99.050556,19.197122
117,-99.045556,19.197122
118,-99.040556,19.197122
119,-99.035556,19.197122
120,-99.030556,19.197122
121,-99.025556,19.197122
122,-99.020556,19.197122
123,-99.015556,19.197122
124,-99.010556,19.197122
125,-99.005556,19.197122
126,-99.000556,19.197122
127,-98.995556,19.197122
128,-98.990556,19.197122
129,-99.130556,19.202122
130,-99.125556,19.202122
131,-99.120556,19.202122
132,-99.115556,19.202122
133,-99.110556,19.202122
134,-99.105556,19.202122
135,-99.100556,19.202122
136,-99.095556,19.202122
137,-99.090556,19.202122
138,-99.085556,19.202122
139,-99.080556,19.202122
140,-99.075556,19.202122
141,-99.070556,19.202122
142,-99.065556,19.202122
143,-99.060556,19.202122
144,-99.055556,19.202122
145,-99.050556,19.202122
146,-99.045556,19.202122
147,-99.040556,19.202122
148,-99.035556,19.202122
149,-99.030556,19.202122
150,-99.025556,19.202122
151,-99.020556,19.202122
152,-99.015556,19.202122
153,-99.010556,19.202122
154,-99.005556,19.202122
155,-99.000556,19.202122
156,-98.995556,19.202122
157,-98.990556,19.202122
158,-98.985556,19.202122
159,-98.980556,19.202122
160,-98.975556,19.202122
161,-98.970556,19.202122
162,-98.965556,19.202122
163,-99.130556,19.207122
164,-99.125556,19.207122
165,-99.120556,19.207122
166,-99.115556,19.207122
167,-99.110556,19.207122
168,-99.105556,19.207122
169,-99.100556,19.207122
170,-99.095556,19.207122
171,-99.090556,19.207122
172,-99.085556,19.207122
173,-99.080556,19.207122
174,-99.075556,19.207122
175,-99.070556,19.207122
176,-99.065556,19.207122
177,-99.060556,19.207122
178,-99.055556,19.207122
179,-99.050556,19.207122
180,-99.045556,19.207122
181,-99.040556,19.207122
182,-99.035556,19.207122
183,-99.030556,19.207122
184,-99.025556,19.207122
185,-99.020556,19.207122
186,-99.015556,19.207122
187,-99.010556,19.207122
188,-99.005556,19.207122
189,-99.000556,19.207122
190,-98.995556,19.207122
191,-98.990556,19.207122
192,-98.985556,19.207122
193,-98.980556,19.207122
194,-98.975556,19.207122
195,-98.970556,19.207122
196,-98.965556,19.207122
197,-99.135556,19.212122
198,-99.130556,19.212122
199,-99.125556,19.212122
200,-99.120556,19.212122
201,-99.115556,19.212122
202,-99.110556,19.212122
203,-99.105556,19.212122
204,-99.100556,19.212122
205,-99.095556,19.212122
206,-99.090556,19.212122
207,-99.085556,19.212122
208,-99.080556,19.212122
209,-99.075556,19.212122
210,-99.070556,19.212122
211,-99.065556,19.212122
212,-99.060556,19.212122
213,-99.055556,19.212122
214,-99.050556,19.212122
215,-99.045556,19.212122
216,-99.040556,19.212122
217,-99.035556,19.212122
218,-99.030556,19.212122
219,-99.025556,19.212122
220,-99.020556,19.212122
221,-99.015556,19.212122
222,-99.010556,19.212122
223,-99.005556,19.212122
224,-99.000556,19.212122
225,-98.995556,19.212122
226,-98.990556,19.212122
227,-98.985556,19.212122
228,-98.980556,19.212122
229,-98.975556,19.212122
230,-98.970556,19.212122
231,-98.965556,19.212122
232,-99.135556,19.217122
233,-99.130556,19.217122
234,-99.125556,19.217122
235,-99.120556,19.217122
236,-99.115556,19.217122
237,-99.110556,19.217122
238,-99.105556,19.217122
239,-99.100556,19.217122
240,-99.095556,19.217122
241,-99.090556,19.217122
242,-99.085556,19.217122
243,-99.080556,19.217122
244,-99.075556,19.217122
245,-99.070556,19.217122
246,-99.065556,19.217122
247,-99.060556,19.217122
248,-99.055556,19.217122
249,-99.050556,19.217122
250,-99.045556,19.217122
251,-99.040556,19.217122
252,-99.035556,19.217122
253,-99.030556,19.217122
254,-99.025556,19.217122
255,-99.020556,19.217122
256,-99.015556,19.217122
257,-99.010556,19.217122
258,-99.005556,19.217122
259,-99.000556,19.217122
260,-98.995556,19.217122
261,-98.990556,19.217122
262,-98.985556,19.217122
263,-98.980556,19.217122
264,-98.975556,19.217122
265,-98.970556,19.217122
266,-98.965556,19.217122
267,-98.960556,19.217122
268,-98.955556,19.217122
269,-98.950556,19.217122
270,-98.945556,19.217122
271,-99.140556,19.222122
272,-99.135556,19.222122
273,-99.130556,19.222122
274,-99.125556,19.222122
275,-99.120556,19.222122
276,-99.115556,19.222122
277,-99.110556,19.222122
278,-99.105556,19.222122
279,-99.100556,19.222122
280,-99.095556,19.222122
281,-99.090556,19.222122
282,-99.085556,19.222122
283,-99.080556,19.222122
284,-99.075556,19.222122
285,-99.070556,19.222122
286,-99.065556,19.222122
287,-99.060556,19.222122
288,-99.055556,19.222122
289,-99.050556,19.222122
290,-99.045556,19.222122
291,-99.040556,19.222122
292,-99.035556,19.222122
293,-99.030556,19.222122
294,-99.025556,19.222122
295,-99.020556,19.222122
296,-99.015556,19.222122
297,-99.010556,19.222122
298,-99.005556,19.222122
299,-99.000556,19.222122
300,-98.995556,19.222122
301,-98.990556,19.222122
302,-98.985556,19.222122
303,-98.980556,19.222122
304,-98.975556,19.222122
305,-98.970556,19.222122
306,-98.965556,19.222122
307,-98.960556,19.222122
308,-98.955556,19.222122
309,-98.950556,19.222122
310,-98.945556,19.222122
311,-99.175556,19.227122
312,-99.170556,19.227122
313,-99.165556,19.227122
314,-99.160556,19.227122
315,-99.155556,19.227122
316,-99.150556,19.227122
317,-99.145556,19.227122
318,-99.140556,19.227122
319,-99.135556,19.227122
320,-99.130556,19.227122
321,-99.125556,19.227122
322,-99.120556,19.227122
323,-99.115556,19.227122
324,-99.110556,19.227122
325,-99.105556,19.227122
326,-99.100556,19.227122
327,-99.095556,19.227122
328,-99.090556,19.227122
329,-99.085556,19.227122
330,-99.080556,19.227122
331,-99.075556,19.227122
332,-99.070556,19.227122
333,-99.065556,19.227122
334,-99.060556,19.227122
335,-99.055556,19.227122
336,-99.050556,19.227122
337,-99.045556,19.227122
338,-99.040556,19.227122
339,-99.035556,19.227122
340,-99.030556,19.227122
341,-99.025556,19.227122
342,-99.020556,19.227122
343,-99.015556,19.227122
344,-99.010556,19.227122
345,-99.005556,19.227122
346,-99.000556,19.227122
347,-98.995556,19.227122
348,-98.990556,19.227122
349,-98.985556,19.227122
350,-98.980556,19.227122
351,-98.975556,19.227122
352,-98.970556,19.227122
353,-98.965556,19.227122
354,-98.960556,19.227122
355,-98.955556,19.227122
356,-99.185556,19.232122
357,-99.180556,19.232122
358,-99.175556,19.232122
359,-99.170556,19.232122
360,-99.165556,19.232122
361,-99.160556,19.232122
362,-99.155556,19.232122
363,-99.150556,19.232122
364,-99.145556,19.232122
365,-99.140556,19.232122
366,-99.135556,19.232122
367,-99.130556,19.232122
368,-99.125556,19.232122
369,-99.120556,19.232122
370,-99.115556,19.232122
371,-99.110556,19.232122
372,-99.105556,19.232122
373,-99.100556,19.232122
374,-99.095556,19.232122
375,-99.090556,19.232122
376,-99.085556,19.232122
377,-99.080556,19.232122
378,-99.075556,19.232122
379,-99.070556,19.232122
380,-99.065556,19.232122
381,-99.060556,19.232122
382,-99.055556,19.232122
383,-99.050556,19.232122
384,-99.045556,19.232122
385,-99.040556,19.232122
386,-99.035556,19.232122
387,-99.030556,19.232122
388,-99.025556,19.232122
389,-99.020556,19.232122
390,-99.015556,19.232122
391,-99.010556,19.232122
392,-99.005556,19.232122
393,-99.000556,19.232122
394,-98.995556,19.232122
395,-98.990556,19.232122
396,-98.985556,19.232122
397,-98.980556,19.232122
398,-98.975556,19.232122
399,-98.970556,19.232122
400,-98.965556,19.232122
401,-99.190556,19.237122
402,-99.185556,19.237122
403,-99.180556,19.237122
404,-99.175556,19.237122
405,-99.170556,19.237122
406,-99.165556,19.237122
407,-99.160556,19.237122
408,-99.155556,19.237122
409,-99.150556,19.237122
410,-99.145556,19.237122
411,-99.140556,19.237122
412,-99.135556,19.237122
413,-99.130556,19.237122
414,-99.125556,19.237122
415,-99.120556,19.237122
416,-99.115556,19.237122
417,-99.110556,19.237122
418,-99.105556,19.237122
419,-99.100556,19.237122
420,-99.095556,19.237122
421,-99.090556,19.237122
422,-99.085556,19.237122
423,-99.080556,19.237122
424,-99.075556,19.237122
425,-99.070556,19.237122
426,-99.065556,19.237122
427,-99.060556,19.237122
428,-99.055556,19.237122
429,-99.050556,19.237122
430,-99.045556,19.237122
431,-99.040556,19.237122
432,-99.035556,19.237122
433,-99.030556,19.237122
434,-99.025556,19.237122
435,-99.020556,19.237122
436,-99.015556,19.237122
437,-99.010556,19.237122
438,-99.005556,19.237122
439,-99.000556,19.237122
440,-98.995556,19.237122
441,-98.990556,19.237122
442,-99.195556,19.242122
443,-99.190556,19.242122
444,-99.185556,19.242122
445,-99.180556,19.242122
446,-99.175556,19.242122
447,-99.170556,19.242122
448,-99.165556,19.242122
449,-99.160556,19.242122
450,-99.155556,19.242122
451,-99.150556,19.242122
452,-99.145556,19.242122
453,-99.140556,19.242122
454,-99.135556,19.242122
455,-99.130556,19.242122
456,-99.125556,19.242122
457,-99.120556,19.242122
458,-99.115556,19.242122
459,-99.110556,19.242122
460,-99.105556,19.242122
461,-99.100556,19.242122
462,-99.095556,19.242122
463,-99.090556,19.242122
464,-99.085556,19.242122
465,-99.080556,19.242122
466,-99.075556,19.242122
467,-99.070556,19.242122
468,-99.065556,19.242122
469,-99.060556,19.242122
470,-99.055556,19.242122
471,-99.050556,19.242122
472,-99.045556,19.242122
473,-99.040556,19.242122
474,-99.035556,19.242122
475,-99.030556,19.242122
476,-99.025556,19.242122
477,-99.020556,19.242122
478,-99.015556,19.242122
479,-99.010556,19.242122
480,-99.005556,19.242122
481,-99.000556,19.242122
482,-98.995556,19.242122
483,-98.990556,19.242122
484,-99.200556,19.247122
485,-99.195556,19.247122
486,-99.190556,19.247122
487,-99.185556,19.247122
488,-99.180556,19.247122
489,-99.175556,19.247122
490,-99.170556,19.247122
491,-99.165556,19.247122
492,-99.160556,19.247122
493,-99.155556,19.247122
494,-99.150556,19.247122
495,-99.145556,19.247122
496,-99.140556,19.247122
497,-99.135556,19.247122
498,-99.130556,19.247122
499,-99.125556,19.247122
500,-99.120556,19.247122
501,-99.115556,19.247122
502,-99.110556,19.247122
503,-99.105556,19.247122
504,-99.100556,19.247122
505,-99.095556,19.247122
506,-99.090556,19.247122
507,-99.085556,19.247122
508,-99.080556,19.247122
509,-99.075556,19.247122
510,-99.070556,19.247122
511,-99.065556,19.247122
512,-99.060556,19.247122
513,-99.055556,19.247122
514,-99.050556,19.247122
515,-99.045556,19.247122
516,-99.040556,19.247122
517,-99.035556,19.247122
518,-99.030556,19.247122
519,-99.025556,19.247122
520,-99.020556,19.247122
521,-99.015556,19.247122
522,-99.010556,19.247122
523,-99.005556,19.247122
524,-99.000556,19.247122
525,-98.995556,19.247122
526,-98.990556,19.247122
527,-99.200556,19.252122
528,-99.195556,19.252122
529,-99.190556,19.252122
530,-99.185556,19.252122
531,-99.180556,19.252122
532,-99.175556,19.252122
533,-99.170556,19.252122
534,-99.165556,19.252122
535,-99.160556,19.252122
536,-99.155556,19.252122
537,-99.150556,19.252122
538,-99.145556,19.252122
539,-99.140556,19.252122
540,-99.135556,19.252122
541,-99.130556,19.252122
542,-99.125556,19.252122
543,-99.120556,19.252122
544,-99.115556,19.252122
545,-99.110556,19.252122
546,-99.105556,19.252122
547,-99.100556,19.252122
548,-99.095556,19.252122
549,-99.090556,19.252122
550,-99.085556,19.252122
551,-99.080556,19.252122
552,-99.075556,19.252122
553,-99.070556,19.252122
554,-99.065556,19.252122
555,-99.060556,19.252122
556,-99.055556,19.252122
557,-99.050556,19.252122
558,-99.045556,19.252122
559,-99.040556,19.252122
560,-99.035556,19.252122
561,-99.030556,19.252122
562,-99.025556,19.252122
563,-99.020556,19.252122
564,-99.015556,19.252122
565,-99.010556,19.252122
566,-99.005556,19.252122
567,-99.000556,19.252122
568,-98.995556,19.252122
569,-98.990556,19.252122
570,-99.205556,19.257122
571,-99.200556,19.257122
572,-99.195556,19.257122
573,-99.190556,19.257122
574,-99.185556,19.257122
575,-99.180556,19.257122
576,-99.175556,19.257122
577,-99.170556,19.257122
578,-99.165556,19.257122
579,-99.160556,19.257122
580,-99.155556,19.257122
581,-99.150556,19.257122
582,-99.145556,19.257122
583,-99.140556,19.257122
584,-99.135556,19.257122
585,-99.130556,19.257122
586,-99.125556,19.257122
587,-99.120556,19.257122
588,-99.115556,19.257122
589,-99.110556,19.257122
590,-99.105556,19.257122
591,-99.100556,19.257122
592,-99.095556,19.257122
593,-99.090556,19.257122
594,-99.085556,19.257122
595,-99.080556,19.257122
596,-99.075556,19.257122
597,-99.070556,19.257122
598,-99.065556,19.257122
599,-99.060556,19.257122
600,-99.055556,19.257122
601,-99.050556,19.257122
602,-99.045556,19.257122
603,-99.040556,19.257122
604,-99.035556,19.257122
605,-99.030556,19.257122
606,-99.025556,19.257122
607,-99.020556,19.257122
608,-99.015556,19.257122
609,-99.010556,19.257122
610,-99.005556,19.257122
611,-99.000556,19.257122
612,-98.995556,19.257122
613,-98.990556,19.257122
614,-99.210556,19.262122
615,-99.205556,19.262122
616,-99.200556,19.262122
617,-99.195556,19.262122
618,-99.190556,19.262122
619,-99.185556,19.262122
620,-99.180556,19.262122
621,-99.175556,19.262122
622,-99.170556,19.262122
623,-99.165556,19.262122
624,-99.160556,19.262122
625,-99.155556,19.262122
626,-99.150556,19.262122
627,-99.145556,19.262122
628,-99.140556,19.262122
629,-99.135556,19.262122
630,-99.130556,19.262122
631,-99.125556,19.262122
632,-99.120556,19.262122
633,-99.115556,19.262122
634,-99.110556,19.262122
635,-99.105556,19.262122
636,-99.100556,19.262122
637,-99.095556,19.262122
638,-99.090556,19.262122
639,-99.085556,19.262122
640,-99.080556,19.262122
641,-99.075556,19.262122
642,-99.070556,19.262122
643,-99.065556,19.262122
644,-99.060556,19.262122
645,-99.055556,19.262122
646,-99.050556,19.262122
647,-99.045556,19.262122
648,-99.040556,19.262122
649,-99.035556,19.262122
650,-99.030556,19.262122
651,-99.025556,19.262122
652,-99.020556,19.262122
653,-99.015556,19.262122
654,-99.010556,19.262122
655,-99.005556,19.262122
656,-99.000556,19.262122
657,-98.995556,19.262122
658,-98.990556,19.262122
659,-99.215556,19.267122
660,-99.210556,19.267122
661,-99.205556,19.267122
662,-99.200556,19.267122
663,-99.195556,19.267122
664,-99.190556,19.267122
665,-99.185556,19.267122
666,-99.180556,19.267122
667,-99.175556,19.267122
668,-99.170556,19.267122
669,-99.165556,19.267122
670,-99.160556,19.267122
671,-99.155556,19.267122
672,-99.150556,19.267122
673,-99.145556,19.267122
674,-99.140556,19.267122
675,-99.135556,19.267122
676,-99.130556,19.267122
677,-99.125556,19.267122
678,-99.120556,19.267122
679,-99.115556,19.267122
680,-99.110556,19.267122
681,-99.105556,19.267122
682,-99.100556,19.267122
683,-99.095556,19.267122
684,-99.090556,19.267122
685,-99.085556,19.267122
686,-99.080556,19.267122
687,-99.075556,19.267122
688,-99.070556,19.267122
689,-99.065556,19.267122
690,-99.060556,19.267122
691,-99.055556,19.267122
692,-99.050556,19.267122
693,-99.045556,19.267122
694,-99.040556,19.267122
695,-99.035556,19.267122
696,-99.030556,19.267122
697,-99.025556,19.267122
698,-99.020556,19.267122
699,-99.015556,19.267122
700,-99.010556,19.267122
701,-99.005556,19.267122
702,-99.000556,19.267122
703,-98.995556,19.267122
704,-98.990556,19.267122
705,-99.230556,19.272122
706,-99.225556,19.272122
707,-99.220556,19.272122
708,-99.215556,19.272122
709,-99.210556,19.272122
710,-99.205556,19.272122
711,-99.200556,19.272122
712,-99.195556,19.272122
713,-99.190556,19.272122
714,-99.185556,19.272122
715,-99.180556,19.272122
716,-99.175556,19.272122
717,-99.170556,19.272122
718,-99.165556,19.272122
719,-99.160556,19.272122
720,-99.155556,19.272122
721,-99.150556,19.272122
722,-99.145556,19.272122
723,-99.140556,19.272122
724,-99.135556,19.272122
725,-99.130556,19.272122
726,-99.125556,19.272122
727,-99.120556,19.272122
728,-99.115556,19.272122
729,-99.110556,19.272122
730,-99.105556,19.272122
731,-99.100556,19.272122
732,-99.095556,19.272122
733,-99.090556,19.272122
734,-99.085556,19.272122
735,-99.080556,19.272122
736,-99.075556,19.272122
737,-99.070556,19.272122
738,-99.065556,19.272122
739,-99.060556,19.272122
740,-99.055556,19.272122
741,-99.050556,19.272122
742,-99.045556,19.272122
743,-99.040556,19.272122
744,-99.035556,19.272122
745,-99.030556,19.272122
746,-99.025556,19.272122
747,-99.020556,19.272122
748,-99.015556,19.272122
749,-99.010556,19.272122
750,-99.005556,19.272122
751,-99.000556,19.272122
752,-98.995556,19.272122
753,-98.990556,19.272122
754,-99.245556,19.277122
755,-99.240556,19.277122
756,-99.235556,19.277122
757,-99.230556,19.277122
758,-99.225556,19.277122
759,-99.220556,19.277122
760,-99.215556,19.277122
761,-99.210556,19.277122
762,-99.205556,19.277122
763,-99.200556,19.277122
764,-99.195556,19.277122
765,-99.190556,19.277122
766,-99.185556,19.277122
767,-99.180556,19.277122
768,-99.175556,19.277122
769,-99.170556,19.277122
770,-99.165556,19.277122
771,-99.160556,19.277122
772,-99.155556,19.277122
773,-99.150556,19.277122
774,-99.145556,19.277122
775,-99.140556,19.277122
776,-99.135556,19.277122
777,-99.130556,19.277122
778,-99.125556,19.277122
779,-99.120556,19.277122
780,-99.115556,19.277122
781,-99.110556,19.277122
782,-99.105556,19.277122
783,-99.100556,19.277122
784,-99.095556,19.277122
785,-99.090556,19.277122
786,-99.085556,19.277122
787,-99.080556,19.277122
788,-99.075556,19.277122
789,-99.070556,19.277122
790,-99.065556,19.277122
791,-99.060556,19.277122
792,-99.055556,19.277122
793,-99.050556,19.277122
794,-99.045556,19.277122
795,-99.040556,19.277122
796,-99.035556,19.277122
797,-99.030556,19.277122
798,-99.025556,19.277122
799,-99.020556,19.277122
800,-99.015556,19.277122
801,-99.010556,19.277122
802,-99.005556,19.277122
803,-99.000556,19.277122
804,-98.995556,19.277122
805,-98.990556,19.277122
806,-99.250556,19.282122
807,-99.245556,19.282122
808,-99.240556,19.282122
809,-99.235556,19.282122
810,-99.230556,19.282122
811,-99.225556,19.282122
812,-99.220556,19.282122
813,-99.215556,19.282122
814,-99.210556,19.282122
815,-99.205556,19.282122
816,-99.200556,19.282122
817,-99.195556,19.282122
818,-99.190556,19.282122
819,-99.185556,19.282122
820,-99.180556,19.282122
821,-99.175556,19.282122
822,-99.170556,19.282122
823,-99.165556,19.282122
824,-99.160556,19.282122
825,-99.155556,19.282122
826,-99.150556,19.282122
827,-99.145556,19.282122
828,-99.140556,19.282122
829,-99.135556,19.282122
830,-99.130556,19.282122
831,-99.125556,19.282122
832,-99.120556,19.282122
833,-99.115556,19.282122
834,-99.110556,19.282122
835,-99.105556,19.282122
836,-99.100556,19.282122
837,-99.095556,19.282122
838,-99.090556,19.282122
839,-99.085556,19.282122
840,-99.080556,19.282122
841,-99.075556,19.282122
842,-99.070556,19.282122
843,-99.065556,19.282122
844,-99.060556,19.282122
845,-99.055556,19.282122
846,-99.050556,19.282122
847,-99.045556,19.282122
848,-99.040556,19.282122
849,-99.035556,19.282122
850,-99.030556,19.282122
851,-99.025556,19.282122
852,-99.020556,19.282122
853,-99.015556,19.282122
854,-99.010556,19.282122
855,-99.005556,19.282122
856,-99.000556,19.282122
857,-98.995556,19.282122
858,-98.990556,19.282122
859,-98.985556,19.282122
860,-99.260556,19.287122
861,-99.255556,19.287122
862,-99.250556,19.287122
863,-99.245556,19.287122
864,-99.240556,19.287122
865,-99.235556,19.287122
866,-99.230556,19.287122
867,-99.225556,19.287122
868,-99.220556,19.287122
869,-99.215556,19.287122
870,-99.210556,19.287122
871,-99.205556,19.287122
872,-99.200556,19.287122
873,-99.195556,19.287122
874,-99.190556,19.287122
875,-99.185556,19.287122
876,-99.180556,19.287122
877,-99.175556,19.287122
878,-99.170556,19.287122
879,-99.165556,19.287122
880,-99.160556,19.287122
881,-99.155556,19.287122
882,-99.150556,19.287122
883,-99.145556,19.287122
884,-99.140556,19.287122
885,-99.135556,19.287122
886,-99.130556,19.287122
887,-99.125556,19.287122
888,-99.120556,19.287122
889,-99.115556,19.287122
890,-99.110556,19.287122
891,-99.105556,19.287122
892,-99.100556,19.287122
893,-99.095556,19.287122
894,-99.090556,19.287122
895,-99.085556,19.287122
896,-99.080556,19.287122
897,-99.075556,19.287122
898,-99.070556,19.287122
899,-99.065556,19.287122
900,-99.060556,19.287122
901,-99.055556,19.287122
902,-99.050556,19.287122
903,-99.045556,19.287122
904,-99.040556,19.287122
905,-99.035556,19.287122
906,-99.030556,19.287122
907,-99.025556,19.287122
908,-99.020556,19.287122
909,-99.015556,19.287122
910,-99.010556,19.287122
911,-99.005556,19.287122
912,-99.000556,19.287122
913,-98.995556,19.287122
914,-98.990556,19.287122
915,-98.985556,19.287122
916,-99.260556,19.292122
917,-99.255556,19.292122
918,-99.250556,19.292122
919,-99.245556,19.292122
920,-99.240556,19.292122
921,-99.235556,19.292122
922,-99.230556,19.292122
923,-99.225556,19.292122
924,-99.220556,19.292122
925,-99.215556,19.292122
926,-99.210556,19.292122
927,-99.205556,19.292122
928,-99.200556,19.292122
929,-99.195556,19.292122
930,-99.190556,19.292122
931,-99.185556,19.292122
932,-99.180556,19.292122
933,-99.175556,19.292122
934,-99.170556,19.292122
935,-99.165556,19.292122
936,-99.160556,19.292122
937,-99.155556,19.292122
938,-99.150556,19.292122
939,-99.145556,19.292122
940,-99.140556,19.292122
941,-99.135556,19.292122
942,-99.130556,19.292122
943,-99.125556,19.292122
944,-99.120556,19.292122
945,-99.115556,19.292122
946,-99.110556,19.292122
947,-99.105556,19.292122
948,-99.100556,19.292122
949,-99.095556,19.292122
950,-99.090556,19.292122
951,-99.085556,19.292122
952,-99.080556,19.292122
953,-99.075556,19.292122
954,-99.070556,19.292122
955,-99.065556,19.292122
956,-99.060556,19.292122
957,-99.055556,19.292122
958,-99.050556,19.292122
959,-99.045556,19.292122
960,-99.040556,19.292122
961,-99.035556,19.292122
962,-99.030556,19.292122
963,-99.025556,19.292122
964,-99.020556,19.292122
965,-99.015556,19.292122
966,-99.010556,19.292122
967,-99.005556,19.292122
968,-99.000556,19.292122
969,-98.995556,19.292122
970,-98.990556,19.292122
971,-98.985556,19.292122
972,-98.980556,19.292122
973,-98.975556,19.292122
974,-98.970556,19.292122
975,-99.265556,19.297122
976,-99.260556,19.297122
977,-99.255556,19.297122
978,-99.250556,19.297122
979,-99.245556,19.297122
980,-99.240556,19.297122
981,-99.235556,19.297122
982,-99.230556,19.297122
983,-99.225556,19.297122
984,-99.220556,19.297122
985,-99.215556,19.297122
986,-99.210556,19.297122
987,-99.205556,19.297122
988,-99.200556,19.297122
989,-99.195556,19.297122
990,-99.190556,19.297122
991,-99.185556,19.297122
992,-99.180556,19.297122
993,-99.175556,19.297122
994,-99.170556,19.297122
995,-99.165556,19.297122
996,-99.160556,19.297122
997,-99.155556,19.297122
998,-99.150556,19.297122
999,-99.145556,19.297122
1000,-99.140556,19.297122
1001,-99.135556,19.297122
1002,-99.130556,19.297122
1003,-99.125556,19.297122
1004,-99.120556,19.297122
1005,-99.115556,19.297122
1006,-99.110556,19.297122
1007,-99.105556,19.297122
1008,-99.100556,19.297122
1009,-99.095556,19.297122
1010,-99.090556,19.297122
1011,-99.085556,19.297122
1012,-99.080556,19.297122
1013,-99.075556,19.297122
1014,-99.070556,19.297122
1015,-99.065556,19.297122
1016,-99.060556,19.297122
1017,-99.055556,19.297122
1018,-99.050556,19.297122
1019,-99.045556,19.297122
1020,-99.040556,19.297122
1021,-99.035556,19.297122
1022,-99.030556,19.297122
1023,-99.025556,19.297122
1024,-99.020556,19.297122
1025,-99.015556,19.297122
1026,-99.010556,19.297122
1027,-99.005556,19.297122
1028,-99.000556,19.297122
1029,-98.995556,19.297122
1030,-98.990556,19.297122
1031,-98.985556,19.297122
1032,-98.980556,19.297122
1033,-98.975556,19.297122
1034,-98.970556,19.297122
1035,-99.340556,19.302122
1036,-99.335556,19.302122
1037,-99.330556,19.302122
1038,-99.325556,19.302122
1039,-99.270556,19.302122
1040,-99.265556,19.302122
1041,-99.260556,19.302122
1042,-99.255556,19.302122
1043,-99.250556,19.302122
1044,-99.245556,19.302122
1045,-99.240556,19.302122
1046,-99.235556,19.302122
1047,-99.230556,19.302122
1048,-99.225556,19.302122
1049,-99.220556,19.302122
1050,-99.215556,19.302122
1051,-99.210556,19.302122
1052,-99.205556,19.302122
1053,-99.200556,19.302122
1054,-99.195556,19.302122
1055,-99.190556,19.302122
1056,-99.185556,19.302122
1057,-99.180556,19.302122
1058,-99.175556,19.302122
1059,-99.170556,19.302122
1060,-99.165556,19.302122
1061,-99.160556,19.302122
1062,-99.155556,19.302122
1063,-99.150556,19.302122
1064,-99.145556,19.302122
1065,-99.140556,19.302122
1066,-99.135556,19.302122
1067,-99.130556,19.302122
1068,-99.125556,19.302122
1069,-99.120556,19.302122
1070,-99.115556,19.302122
1071,-99.110556,19.302122
1072,-99.105556,19.302122
1073,-99.100556,19.302122
1074,-99.095556,19.302122
1075,-99.090556,19.302122
1076,-99.085556,19.302122
1077,-99.080556,19.302122
1078,-99.075556,19.302122
1079,-99.070556,19.302122
1080,-99.065556,19.302122
1081,-99.060556,19.302122
1082,-99.055556,19.302122
1083,-99.050556,19.302122
1084,-99.045556,19.302122
1085,-99.040556,19.302122
1086,-99.035556,19.302122
1087,-99.030556,19.302122
1088,-99.025556,19.302122
1089,-99.020556,19.302122
1090,-99.015556,19.302122
1091,-99.010556,19.302122
1092,-99.005556,19.302122
1093,-99.000556,19.302122
1094,-98.995556,19.302122
1095,-98.990556,19.302122
1096,-98.985556,19.302122
1097,-98.980556,19.302122
1098,-98.975556,19.302122
1099,-98.970556,19.302122
1100,-98.965556,19.302122
1101,-99.340556,19.307122
1102,-99.335556,19.307122
1103,-99.330556,19.307122
1104,-99.325556,19.307122
1105,-99.280556,19.307122
1106,-99.275556,19.307122
1107,-99.270556,19.307122
1108,-99.265556,19.307122
1109,-99.260556,19.307122
1110,-99.255556,19.307122
1111,-99.250556,19.307122
1112,-99.245556,19.307122
1113,-99.240556,19.307122
1114,-99.235556,19.307122
1115,-99.230556,19.307122
1116,-99.225556,19.307122
1117,-99.220556,19.307122
1118,-99.215556,19.307122
1119,-99.210556,19.307122
1120,-99.205556,19.307122
1121,-99.200556,19.307122
1122,-99.195556,19.307122
1123,-99.190556,19.307122
1124,-99.185556,19.307122
1125,-99.180556,19.307122
1126,-99.175556,19.307122
1127,-99.170556,19.307122
1128,-99.165556,19.307122
1129,-99.160556,19.307122
1130,-99.155556,19.307122
1131,-99.150556,19.307122
1132,-99.145556,19.307122
1133,-99.140556,19.307122
1134,-99.135556,19.307122
1135,-99.130556,19.307122
1136,-99.125556,19.307122
1137,-99.120556,19.307122
1138,-99.115556,19.307122
1139,-99.110556,19.307122
1140,-99.105556,19.307122
1141,-99.100556,19.307122
1142,-99.095556,19.307122
1143,-99.090556,19.307122
1144,-99.085556,19.307122
1145,-99.080556,19.307122
1146,-99.075556,19.307122
1147,-99.070556,19.307122
1148,-99.065556,19.307122
1149,-99.060556,19.307122
1150,-99.055556,19.307122
1151,-99.050556,19.307122
1152,-99.045556,19.307122
1153,-99.040556,19.307122
1154,-99.035556,19.307122
1155,-99.030556,19.307122
1156,-99.025556,19.307122
1157,-99.020556,19.307122
1158,-99.015556,19.307122
1159,-99.010556,19.307122
1160,-99.005556,19.307122
1161,-99.000556,19.307122
1162,-98.995556,19.307122
1163,-98.990556,19.307122
1164,-98.985556,19.307122
1165,-98.980556,19.307122
1166,-98.975556,19.307122
1167,-98.970556,19.307122
1168,-98.965556,19.307122
1169,-98.960556,19.307122
1170,-99.340556,19.312122
1171,-99.335556,19.312122
1172,-99.330556,19.312122
1173,-99.325556,19.312122
1174,-99.285556,19.312122
1175,-99.280556,19.312122
1176,-99.275556,19.312122
1177,-99.270556,19.312122
1178,-99.265556,19.312122
1179,-99.260556,19.312122
1180,-99.255556,19.312122
1181,-99.250556,19.312122
1182,-99.245556,19.312122
1183,-99.240556,19.312122
1184,-99.235556,19.312122
1185,-99.230556,19.312122
1186,-99.225556,19.312122
1187,-99.220556,19.312122
1188,-99.215556,19.312122
1189,-99.210556,19.312122
1190,-99.205556,19.312122
1191,-99.200556,19.312122
1192,-99.195556,19.312122
1193,-99.190556,19.312122
1194,-99.185556,19.312122
1195,-99.180556,19.312122
1196,-99.175556,19.312122
1197,-99.170556,19.312122
1198,-99.165556,19.312122
1199,-99.160556,19.312122
1200,-99.155556,19.312122
1201,-99.150556,19.312122
1202,-99.145556,19.312122
1203,-99.140556,19.312122
1204,-99.135556,19.312122
1205,-99.130556,19.312122
1206,-99.125556,19.312122
1207,-99.120556,19.312122
1208,-99.115556,19.312122
1209,-99.110556,19.312122
1210,-99.105556,19.312122
1211,-99.100556,19.312122
1212,-99.095556,19.312122
1213,-99.090556,19.312122
1214,-99.085556,19.312122
1215,-99.080556,19.312122
1216,-99.075556,19.312122
1217,-99.070556,19.312122
1218,-99.065556,19.312122
1219,-99.060556,19.312122
1220,-99.055556,19.312122
1221,-99.050556,19.312122
1222,-99.045556,19.312122
1223,-99.040556,19.312122
1224,-99.035556,19.312122
1225,-99.030556,19.312122
1226,-99.025556,19.312122
1227,-99.020556,19.312122
1228,-99.015556,19.312122
1229,-99.010556,19.312122
1230,-99.005556,19.312122
1231,-99.000556,19.312122
1232,-98.995556,19.312122
1233,-98.990556,19.312122
1234,-98.985556,19.312122
1235,-98.980556,19.312122
1236,-98.975556,19.312122
1237,-98.970556,19.312122
1238,-98.965556,19.312122
1239,-98.960556,19.312122
1240,-99.340556,19.317122
1241,-99.335556,19.317122
1242,-99.330556,19.317122
1243,-99.325556,19.317122
1244,-99.320556,19.317122
1245,-99.295556,19.317122
1246,-99.290556,19.317122
1247,-99.285556,19.317122
1248,-99.280556,19.317122
1249,-99.275556,19.317122
1250,-99.270556,19.317122
1251,-99.265556,19.317122
1252,-99.260556,19.317122
1253,-99.255556,19.317122
1254,-99.250556,19.317122
1255,-99.245556,19.317122
1256,-99.240556,19.317122
1257,-99.235556,19.317122
1258,-99.230556,19.317122
1259,-99.225556,19.317122
1260,-99.220556,19.317122
1261,-99.215556,19.317122
1262,-99.210556,19.317122
1263,-99.205556,19.317122
1264,-99.200556,19.317122
1265,-99.195556,19.317122
1266,-99.190556,19.317122
1267,-99.185556,19.317122
1268,-99.180556,19.317122
1269,-99.175556,19.317122
1270,-99.170556,19.317122
1271,-99.165556,19.317122
1272,-99.160556,19.317122
1273,-99.155556,19.317122
1274,-99.150556,19.317122
1275,-99.145556,19.317122
1276,-99.140556,19.317122
1277,-99.135556,19.317122
1278,-99.130556,19.317122
1279,-99.125556,19.317122
1280,-99.120556,19.317122
1281,-99.115556,19.317122
1282,-99.110556,19.317122
1283,-99.105556,19.317122
1284,-99.100556,19.317122
1285,-99.095556,19.317122
1286,-99.090556,19.317122
1287,-99.085556,19.317122
1288,-99.080556,19.317122
1289,-99.075556,19.317122
1290,-99.070556,19.317122
1291,-99.065556,19.317122
1292,-99.060556,19.317122
1293,-99.055556,19.317122
1294,-99.050556,19.317122
1295,-99.045556,19.317122
1296,-99.040556,19.317122
1297,-99.035556,19.317122
1298,-99.030556,19.317122
1299,-99.025556,19.317122
1300,-99.020556,19.317122
1301,-99.015556,19.317122
1302,-99.010556,19.317122
1303,-99.005556,19.317122
1304,-99.000556,19.317122
1305,-98.995556,19.317122
1306,-98.990556,19.317122
1307,-98.985556,19.317122
1308,-98.980556,19.317122
1309,-98.975556,19.317122
1310,-98.970556,19.317122
1311,-98.965556,19.317122
1312,-98.960556,19.317122
1313,-98.955556,19.317122
1314,-99.335556,19.322122
1315,-99.330556,19.322122
1316,-99.325556,19.322122
1317,-99.320556,19.322122
1318,-99.315556,19.322122
1319,-99.310556,19.322122
1320,-99.305556,19.322122
1321,-99.300556,19.322122
1322,-99.295556,19.322122
1323,-99.290556,19.322122
1324,-99.285556,19.322122
1325,-99.280556,19.322122
1326,-99.275556,19.322122
1327,-99.270556,19.322122
1328,-99.265556,19.322122
1329,-99.260556,19.322122
1330,-99.255556,19.322122
1331,-99.250556,19.322122
1332,-99.245556,19.322122
1333,-99.240556,19.322122
1334,-99.235556,19.322122
1335,-99.230556,19.322122
1336,-99.225556,19.322122
1337,-99.220556,19.322122
1338,-99.215556,19.322122
1339,-99.210556,19.322122
1340,-99.205556,19.322122
1341,-99.200556,19.322122
1342,-99.195556,19.322122
1343,-99.190556,19.322122
1344,-99.185556,19.322122
1345,-99.180556,19.322122
1346,-99.175556,19.322122
1347,-99.170556,19.322122
1348,-99.165556,19.322122
1349,-99.160556,19.322122
1350,-99.155556,19.322122
1351,-99.150556,19.322122
1352,-99.145556,19.322122
1353,-99.140556,19.322122
1354,-99.135556,19.322122
1355,-99.130556,19.322122
1356,-99.125556,19.322122
1357,-99.120556,19.322122
1358,-99.115556,19.322122
1359,-99.110556,19.322122
1360,-99.105556,19.322122
1361,-99.100556,19.322122
1362,-99.095556,19.322122
1363,-99.090556,19.322122
1364,-99.085556,19.322122
1365,-99.080556,19.322122
1366,-99.075556,19.322122
1367,-99.070556,19.322122
1368,-99.065556,19.322122
1369,-99.060556,19.322122
1370,-99.055556,19.322122
1371,-99.050556,19.322122
1372,-99.045556,19.322122
1373,-99.040556,19.322122
1374,-99.035556,19.322122
1375,-99.030556,19.322122
1376,-99.025556,19.322122
1377,-99.020556,19.322122
1378,-99.015556,19.322122
1379,-99.010556,19.322122
1380,-99.005556,19.322122
1381,-99.000556,19.322122
1382,-98.995556,19.322122
1383,-98.990556,19.322122
1384,-98.985556,19.322122
1385,-98.980556,19.322122
1386,-98.975556,19.322122
1387,-98.970556,19.322122
1388,-98.965556,19.322122
1389,-98.960556,19.322122
1390,-99.335556,19.327122
1391,-99.330556,19.327122
1392,-99.325556,19.327122
1393,-99.320556,19.327122
1394,-99.315556,19.327122
1395,-99.310556,19.327122
1396,-99.305556,19.327122
1397,-99.300556,19.327122
1398,-99.295556,19.327122
1399,-99.290556,19.327122
1400,-99.285556,19.327122
1401,-99.280556,19.327122
1402,-99.275556,19.327122
1403,-99.270556,19.327122
1404,-99.265556,19.327122
1405,-99.260556,19.327122
1406,-99.255556,19.327122
1407,-99.250556,19.327122
1408,-99.245556,19.327122
1409,-99.240556,19.327122
1410,-99.235556,19.327122
1411,-99.230556,19.327122
1412,-99.225556,19.327122
1413,-99.220556,19.327122
1414,-99.215556,19.327122
1415,-99.210556,19.327122
1416,-99.205556,19.327122
1417,-99.200556,19.327122
1418,-99.195556,19.327122
1419,-99.190556,19.327122
1420,-99.185556,19.327122
1421,-99.180556,19.327122
1422,-99.175556,19.327122
1423,-99.170556,19.327122
1424,-99.165556,19.327122
1425,-99.160556,19.327122
1426,-99.155556,19.327122
1427,-99.150556,19.327122
1428,-99.145556,19.327122
1429,-99.140556,19.327122
1430,-99.135556,19.327122
1431,-99.130556,19.327122
1432,-99.125556,19.327122
1433,-99.120556,19.327122
1434,-99.115556,19.327122
1435,-99.110556,19.327122
1436,-99.105556,19.327122
1437,-99.100556,19.327122
1438,-99.095556,19.327122
1439,-99.090556,19.327122
1440,-99.085556,19.327122
1441,-99.080556,19.327122
1442,-99.075556,19.327122
1443,-99.070556,19.327122
1444,-99.065556,19.327122
1445,-99.060556,19.327122
1446,-99.055556,19.327122
1447,-99.050556,19.327122
1448,-99.045556,19.327122
1449,-99.040556,19.327122
1450,-99.035556,19.327122
1451,-99.030556,19.327122
1452,-99.025556,19.327122
1453,-99.020556,19.327122
1454,-99.015556,19.327122
1455,-99.010556,19.327122
1456,-99.005556,19.327122
1457,-99.000556,19.327122
1458,-98.995556,19.327122
1459,-98.990556,19.327122
1460,-98.985556,19.327122
1461,-98.980556,19.327122
1462,-98.975556,19.327122
1463,-98.970556,19.327122
1464,-98.965556,19.327122
1465,-99.330556,19.332122
1466,-99.325556,19.332122
1467,-99.320556,19.332122
1468,-99.315556,19.332122
1469,-99.310556,19.332122
1470,-99.305556,19.332122
1471,-99.300556,19.332122
1472,-99.295556,19.332122
1473,-99.290556,19.332122
1474,-99.285556,19.332122
1475,-99.280556,19.332122
1476,-99.275556,19.332122
1477,-99.270556,19.332122
1478,-99.265556,19.332122
1479,-99.260556,19.332122
1480,-99.255556,19.332122
1481,-99.250556,19.332122
1482,-99.245556,19.332122
1483,-99.240556,19.332122
1484,-99.235556,19.332122
1485,-99.230556,19.332122
1486,-99.225556,19.332122
1487,-99.220556,19.332122
1488,-99.215556,19.332122
1489,-99.210556,19.332122
1490,-99.205556,19.332122
1491,-99.200556,19.332122
1492,-99.195556,19.332122
1493,-99.190556,19.332122
1494,-99.185556,19.332122
1495,-99.180556,19.332122
1496,-99.175556,19.332122
1497,-99.170556,19.332122
1498,-99.165556,19.332122
1499,-99.160556,19.332122
1500,-99.155556,19.332122
1501,-99.150556,19.332122
1502,-99.145556,19.332122
1503,-99.140556,19.332122
1504,-99.135556,19.332122
1505,-99.130556,19.332122
1506,-99.125556,19.332122
1507,-99.120556,19.332122
1508,-99.115556,19.332122
1509,-99.110556,19.332122
1510,-99.105556,19.332122
1511,-99.100556,19.332122
1512,-99.095556,19.332122
1513,-99.090556,19.332122
1514,-99.085556,19.332122
1515,-99.080556,19.332122
1516,-99.075556,19.332122
1517,-99.070556,19.332122
1518,-99.065556,19.332122
1519,-99.060556,19.332122
1520,-99.055556,19.332122
1521,-99.050556,19.332122
1522,-99.045556,19.332122
1523,-99.040556,19.332122
1524,-99.035556,19.332122
1525,-99.030556,19.332122
1526,-99.025556,19.332122
1527,-99.020556,19.332122
1528,-99.015556,19.332122
1529,-99.010556,19.332122
1530,-99.005556,19.332122
1531,-99.000556,19.332122
1532,-98.995556,19.332122
1533,-98.990556,19.332122
1534,-98.985556,19.332122
1535,-98.980556,19.332122
1536,-98.975556,19.332122
1537,-98.970556,19.332122
1538,-99.330556,19.337122
1539,-99.325556,19.337122
1540,-99.320556,19.337122
1541,-99.315556,19.337122
1542,-99.310556,19.337122
1543,-99.305556,19.337122
1544,-99.300556,19.337122
1545,-99.295556,19.337122
1546,-99.290556,19.337122
1547,-99.285556,19.337122
1548,-99.280556,19.337122
1549,-99.275556,19.337122
1550,-99.270556,19.337122
1551,-99.265556,19.337122
1552,-99.260556,19.337122
1553,-99.255556,19.337122
1554,-99.250556,19.337122
1555,-99.245556,19.337122
1556,-99.240556,19.337122
1557,-99.235556,19.337122
1558,-99.230556,19.337122
1559,-99.225556,19.337122
1560,-99.220556,19.337122
1561,-99.215556,19.337122
1562,-99.210556,19.337122
1563,-99.205556,19.337122
1564,-99.200556,19.337122
1565,-99.195556,19.337122
1566,-99.190556,19.337122
1567,-99.185556,19.337122
1568,-99.180556,19.337122
1569,-99.175556,19.337122
1570,-99.170556,19.337122
1571,-99.165556,19.337122
1572,-99.160556,19.337122
1573,-99.155556,19.337122
1574,-99.150556,19.337122
1575,-99.145556,19.337122
1576,-99.140556,19.337122
1577,-99.135556,19.337122
1578,-99.130556,19.337122
1579,-99.125556,19.337122
1580,-99.120556,19.337122
1581,-99.115556,19.337122
1582,-99.110556,19.337122
1583,-99.105556,19.337122
1584,-99.100556,19.337122
1585,-99.095556,19.337122
1586,-99.090556,19.337122
1587,-99.085556,19.337122
1588,-99.080556,19.337122
1589,-99.075556,19.337122
1590,-99.070556,19.337122
1591,-99.065556,19.337122
1592,-99.060556,19.337122
1593,-99.055556,19.337122
1594,-99.050556,19.337122
1595,-99.045556,19.337122
1596,-99.040556,19.337122
1597,-99.035556,19.337122
1598,-99.030556,19.337122
1599,-99.025556,19.337122
1600,-99.020556,19.337122
1601,-99.015556,19.337122
1602,-99.010556,19.337122
1603,-99.005556,19.337122
1604,-99.000556,19.337122
1605,-98.995556,19.337122
1606,-98.990556,19.337122
1607,-98.985556,19.337122
1608,-98.980556,19.337122
1609,-98.975556,19.337122
1610,-99.325556,19.342122
1611,-99.320556,19.342122
1612,-99.315556,19.342122
1613,-99.310556,19.342122
1614,-99.305556,19.342122
1615,-99.300556,19.342122
1616,-99.295556,19.342122
1617,-99.290556,19.342122
1618,-99.285556,19.342122
1619,-99.280556,19.342122
1620,-99.275556,19.342122
1621,-99.270556,19.342122
1622,-99.265556,19.342122
1623,-99.260556,19.342122
1624,-99.255556,19.342122
1625,-99.250556,19.342122
1626,-99.245556,19.342122
1627,-99.240556,19.342122
1628,-99.235556,19.342122
1629,-99.230556,19.342122
1630,-99.225556,19.342122
1631,-99.220556,19.342122
1632,-99.215556,19.342122
1633,-99.210556,19.342122
1634,-99.205556,19.342122
1635,-99.200556,19.342122
1636,-99.195556,19.342122
1637,-99.190556,19.342122
1638,-99.185556,19.342122
1639,-99.180556,19.342122
1640,-99.175556,19.342122
1641,-99.170556,19.342122
1642,-99.165556,19.342122
1643,-99.160556,19.342122
1644,-99.155556,19.342122
1645,-99.150556,19.342122
1646,-99.145556,19.342122
1647,-99.140556,19.342122
1648,-99.135556,19.342122
1649,-99.130556,19.342122
1650,-99.125556,19.342122
1651,-99.120556,19.342122
1652,-99.115556,19.342122
1653,-99.110556,19.342122
1654,-99.105556,19.342122
1655,-99.100556,19.342122
1656,-99.095556,19.342122
1657,-99.090556,19.342122
1658,-99.085556,19.342122
1659,-99.080556,19.342122
1660,-99.075556,19.342122
1661,-99.070556,19.342122
1662,-99.065556,19.342122
1663,-99.060556,19.342122
1664,-99.055556,19.342122
1665,-99.050556,19.342122
1666,-99.045556,19.342122
1667,-99.040556,19.342122
1668,-99.035556,19.342122
1669,-99.030556,19.342122
1670,-99.025556,19.342122
1671,-99.020556,19.342122
1672,-99.015556,19.342122
1673,-99.010556,19.342122
1674,-99.005556,19.342122
1675,-99.000556,19.342122
1676,-98.995556,19.342122
1677,-98.990556,19.342122
1678,-98.985556,19.342122
1679,-98.980556,19.342122
1680,-99.325556,19.347122
1681,-99.320556,19.347122
1682,-99.315556,19.347122
1683,-99.310556,19.347122
1684,-99.305556,19.347122
1685,-99.300556,19.347122
1686,-99.295556,19.347122
1687,-99.290556,19.347122
1688,-99.285556,19.347122
1689,-99.280556,19.347122
1690,-99.275556,19.347122
1691,-99.270556,19.347122
1692,-99.265556,19.347122
1693,-99.260556,19.347122
1694,-99.255556,19.347122
1695,-99.250556,19.347122
1696,-99.245556,19.347122
1697,-99.240556,19.347122
1698,-99.235556,19.347122
1699,-99.230556,19.347122
1700,-99.225556,19.347122
1701,-99.220556,19.347122
1702,-99.215556,19.347122
1703,-99.210556,19.347122
1704,-99.205556,19.347122
1705,-99.200556,19.347122
1706,-99.195556,19.347122
1707,-99.190556,19.347122
1708,-99.185556,19.347122
1709,-99.180556,19.347122
1710,-99.175556,19.347122
1711,-99.170556,19.347122
1712,-99.165556,19.347122
1713,-99.160556,19.347122
1714,-99.155556,19.347122
1715,-99.150556,19.347122
1716,-99.145556,19.347122
1717,-99.140556,19.347122
1718,-99.135556,19.347122
1719,-99.130556,19.347122
1720,-99.125556,19.347122
1721,-99.120556,19.347122
1722,-99.115556,19.347122
1723,-99.110556,19.347122
1724,-99.105556,19.347122
1725,-99.100556,19.347122
1726,-99.095556,19.347122
1727,-99.090556,19.347122
1728,-99.085556,19.347122
1729,-99.080556,19.347122
1730,-99.075556,19.347122
1731,-99.070556,19.347122
1732,-99.065556,19.347122
1733,-99.060556,19.347122
1734,-99.055556,19.347122
1735,-99.050556,19.347122
1736,-99.045556,19.347122
1737,-99.040556,19.347122
1738,-99.035556,19.347122
1739,-99.030556,19.347122
1740,-99.025556,19.347122
1741,-99.020556,19.347122
1742,-99.015556,19.347122
1743,-99.010556,19.347122
1744,-99.005556,19.347122
1745,-99.000556,19.347122
1746,-98.995556,19.347122
1747,-98.990556,19.347122
1748,-98.985556,19.347122
1749,-98.980556,19.347122
1750,-99.325556,19.352122
1751,-99.320556,19.352122
1752,-99.315556,19.352122
1753,-99.310556,19.352122
1754,-99.305556,19.352122
1755,-99.300556,19.352122
1756,-99.295556,19.352122
1757,-99.290556,19.352122
1758,-99.285556,19.352122
1759,-99.280556,19.352122
1760,-99.275556,19.352122
1761,-99.270556,19.352122
1762,-99.265556,19.352122
1763,-99.260556,19.352122
1764,-99.255556,19.352122
1765,-99.250556,19.352122
1766,-99.245556,19.352122
1767,-99.240556,19.352122
1768,-99.235556,19.352122
1769,-99.230556,19.352122
1770,-99.225556,19.352122
1771,-99.220556,19.352122
1772,-99.215556,19.352122
1773,-99.210556,19.352122
1774,-99.205556,19.352122
1775,-99.200556,19.352122
1776,-99.195556,19.352122
1777,-99.190556,19.352122
1778,-99.185556,19.352122
1779,-99.180556,19.352122
1780,-99.175556,19.352122
1781,-99.170556,19.352122
1782,-99.165556,19.352122
1783,-99.160556,19.352122
1784,-99.155556,19.352122
1785,-99.150556,19.352122
1786,-99.145556,19.352122
1787,-99.140556,19.352122
1788,-99.135556,19.352122
1789,-99.130556,19.352122
1790,-99.125556,19.352122
1791,-99.120556,19.352122
1792,-99.115556,19.352122
1793,-99.110556,19.352122
1794,-99.105556,19.352122
1795,-99.100556,19.352122
1796,-99.095556,19.352122
1797,-99.090556,19.352122
1798,-99.085556,19.352122
1799,-99.080556,19.352122
1800,-99.075556,19.352122
1801,-99.070556,19.352122
1802,-99.065556,19.352122
1803,-99.060556,19.352122
1804,-99.055556,19.352122
1805,-99.050556,19.352122
1806,-99.045556,19.352122
1807,-99.040556,19.352122
1808,-99.035556,19.352122
1809,-99.030556,19.352122
1810,-99.025556,19.352122
1811,-99.020556,19.352122
1812,-99.015556,19.352122
1813,-99.010556,19.352122
1814,-99.005556,19.352122
1815,-99.000556,19.352122
1816,-98.995556,19.352122
1817,-98.990556,19.352122
1818,-98.985556,19.352122
1819,-99.330556,19.357122
1820,-99.325556,19.357122
1821,-99.320556,19.357122
1822,-99.315556,19.357122
1823,-99.310556,19.357122
1824,-99.305556,19.357122
1825,-99.300556,19.357122
1826,-99.295556,19.357122
1827,-99.290556,19.357122
1828,-99.285556,19.357122
1829,-99.280556,19.357122
1830,-99.275556,19.357122
1831,-99.270556,19.357122
1832,-99.265556,19.357122
1833,-99.260556,19.357122
1834,-99.255556,19.357122
1835,-99.250556,19.357122
1836,-99.245556,19.357122
1837,-99.240556,19.357122
1838,-99.235556,19.357122
1839,-99.230556,19.357122
1840,-99.225556,19.357122
1841,-99.220556,19.357122
1842,-99.215556,19.357122
1843,-99.210556,19.357122
1844,-99.205556,19.357122
1845,-99.200556,19.357122
1846,-99.195556,19.357122
1847,-99.190556,19.357122
1848,-99.185556,19.357122
1849,-99.180556,19.357122
1850,-99.175556,19.357122
1851,-99.170556,19.357122
1852,-99.165556,19.357122
1853,-99.160556,19.357122
1854,-99.155556,19.357122
1855,-99.150556,19.357122
1856,-99.145556,19.357122
1857,-99.140556,19.357122
1858,-99.135556,19.357122
1859,-99.130556,19.357122
1860,-99.125556,19.357122
1861,-99.120556,19.357122
1862,-99.115556,19.357122
1863,-99.110556,19.357122
1864,-99.105556,19.357122
1865,-99.100556,19.357122
1866,-99.095556,19.357122
1867,-99.090556,19.357122
1868,-99.085556,19.357122
1869,-99.080556,19.357122
1870,-99.075556,19.357122
1871,-99.070556,19.357122
1872,-99.065556,19.357122
1873,-99.060556,19.357122
1874,-99.055556,19.357122
1875,-99.050556,19.357122
1876,-99.045556,19.357122
1877,-99.040556,19.357122
1878,-99.035556,19.357122
1879,-99.030556,19.357122
1880,-99.025556,19.357122
1881,-99.020556,19.357122
1882,-99.015556,19.357122
1883,-99.010556,19.357122
1884,-99.005556,19.357122
1885,-99.000556,19.357122
1886,-98.995556,19.357122
1887,-98.990556,19.357122
1888,-99.320556,19.362122
1889,-99.315556,19.362122
1890,-99.310556,19.362122
1891,-99.305556,19.362122
1892,-99.300556,19.362122
1893,-99.295556,19.362122
1894,-99.290556,19.362122
1895,-99.285556,19.362122
1896,-99.280556,19.362122
1897,-99.275556,19.362122
1898,-99.270556,19.362122
1899,-99.265556,19.362122
1900,-99.260556,19.362122
1901,-99.255556,19.362122
1902,-99.250556,19.362122
1903,-99.245556,19.362122
1904,-99.240556,19.362122
1905,-99.235556,19.362122
1906,-99.230556,19.362122
1907,-99.225556,19.362122
1908,-99.220556,19.362122
1909,-99.215556,19.362122
1910,-99.210556,19.362122
1911,-99.205556,19.362122
1912,-99.200556,19.362122
1913,-99.195556,19.362122
1914,-99.190556,19.362122
1915,-99.185556,19.362122
1916,-99.180556,19.362122
1917,-99.175556,19.362122
1918,-99.170556,19.362122
1919,-99.165556,19.362122
1920,-99.160556,19.362122
1921,-99.155556,19.362122
1922,-99.150556,19.362122
1923,-99.145556,19.362122
1924,-99.140556,19.362122
1925,-99.135556,19.362122
1926,-99.130556,19.362122
1927,-99.125556,19.362122
1928,-99.120556,19.362122
1929,-99.115556,19.362122
1930,-99.110556,19.362122
1931,-99.105556,19.362122
1932,-99.100556,19.362122
1933,-99.095556,19.362122
1934,-99.090556,19.362122
1935,-99.085556,19.362122
1936,-99.080556,19.362122
1937,-99.075556,19.362122
1938,-99.070556,19.362122
1939,-99.065556,19.362122
1940,-99.060556,19.362122
1941,-99.055556,19.362122
1942,-99.050556,19.362122
1943,-99.045556,19.362122
1944,-99.040556,19.362122
1945,-99.035556,19.362122
1946,-99.030556,19.362122
1947,-99.025556,19.362122
1948,-99.020556,19.362122
1949,-99.015556,19.362122
1950,-99.010556,19.362122
1951,-99.005556,19.362122
1952,-99.000556,19.362122
1953,-98.995556,19.362122
1954,-98.990556,19.362122
1955,-99.315556,19.367122
1956,-99.310556,19.367122
1957,-99.305556,19.367122
1958,-99.300556,19.367122
1959,-99.295556,19.367122
1960,-99.290556,19.367122
1961,-99.285556,19.367122
1962,-99.280556,19.367122
1963,-99.275556,19.367122
1964,-99.270556,19.367122
1965,-99.265556,19.367122
1966,-99.260556,19.367122
1967,-99.255556,19.367122
1968,-99.250556,19.367122
1969,-99.245556,19.367122
1970,-99.240556,19.367122
1971,-99.235556,19.367122
1972,-99.230556,19.367122
1973,-99.225556,19.367122
1974,-99.220556,19.367122
1975,-99.215556,19.367122
1976,-99.210556,19.367122
1977,-99.205556,19.367122
1978,-99.200556,19.367122
1979,-99.195556,19.367122
1980,-99.190556,19.367122
1981,-99.185556,19.367122
1982,-99.180556,19.367122
1983,-99.175556,19.367122
1984,-99.170556,19.367122
1985,-99.165556,19.367122
1986,-99.160556,19.367122
1987,-99.155556,19.367122
1988,-99.150556,19.367122
1989,-99.145556,19.367122
1990,-99.140556,19.367122
1991,-99.135556,19.367122
1992,-99.130556,19.367122
1993,-99.125556,19.367122
1994,-99.120556,19.367122
1995,-99.115556,19.367122
1996,-99.110556,19.367122
1997,-99.105556,19.367122
1998,-99.100556,19.367122
1999,-99.095556,19.367122
2000,-99.090556,19.367122
2001,-99.085556,19.367122
2002,-99.080556,19.367122
2003,-99.075556,19.367122
2004,-99.070556,19.367122
2005,-99.065556,19.367122
2006,-99.060556,19.367122
2007,-99.055556,19.367122
2008,-99.050556,19.367122
2009,-99.045556,19.367122
2010,-99.040556,19.367122
2011,-99.035556,19.367122
2012,-99.030556,19.367122
2013,-99.025556,19.367122
2014,-99.020556,19.367122
2015,-99.015556,19.367122
2016,-99.010556,19.367122
2017,-99.005556,19.367122
2018,-99.000556,19.367122
2019,-98.995556,19.367122
2020,-98.990556,19.367122
2021,-99.305556,19.372122
2022,-99.300556,19.372122
2023,-99.295556,19.372122
2024,-99.290556,19.372122
2025,-99.285556,19.372122
2026,-99.280556,19.372122
2027,-99.275556,19.372122
2028,-99.270556,19.372122
2029,-99.265556,19.372122
2030,-99.260556,19.372122
2031,-99.255556,19.372122
2032,-99.250556,19.372122
2033,-99.245556,19.372122
2034,-99.240556,19.372122
2035,-99.235556,19.372122
2036,-99.230556,19.372122
2037,-99.225556,19.372122
2038,-99.220556,19.372122
2039,-99.215556,19.372122
2040,-99.210556,19.372122
2041,-99.205556,19.372122
2042,-99.200556,19.372122
2043,-99.195556,19.372122
2044,-99.190556,19.372122
2045,-99.185556,19.372122
2046,-99.180556,19.372122
2047,-99.175556,19.372122
2048,-99.170556,19.372122
2049,-99.165556,19.372122
2050,-99.160556,19.372122
2051,-99.155556,19.372122
2052,-99.150556,19.372122
2053,-99.145556,19.372122
2054,-99.140556,19.372122
2055,-99.135556,19.372122
2056,-99.130556,19.372122
2057,-99.125556,19.372122
2058,-99.120556,19.372122
2059,-99.115556,19.372122
2060,-99.110556,19.372122
2061,-99.105556,19.372122
2062,-99.100556,19.372122
2063,-99.095556,19.372122
2064,-99.090556,19.372122
2065,-99.085556,19.372122
2066,-99.080556,19.372122
2067,-99.075556,19.372122
2068,-99.070556,19.372122
2069,-99.065556,19.372122
2070,-99.060556,19.372122
2071,-99.055556,19.372122
2072,-99.050556,19.372122
2073,-99.045556,19.372122
2074,-99.040556,19.372122
2075,-99.035556,19.372122
2076,-99.030556,19.372122
2077,-99.025556,19.372122
2078,-99.020556,19.372122
2079,-99.015556,19.372122
2080,-99.010556,19.372122
2081,-99.005556,19.372122
2082,-99.000556,19.372122
2083,-98.995556,19.372122
2084,-99.300556,19.377122
2085,-99.295556,19.377122
2086,-99.290556,19.377122
2087,-99.285556,19.377122
2088,-99.280556,19.377122
2089,-99.275556,19.377122
2090,-99.270556,19.377122
2091,-99.265556,19.377122
2092,-99.260556,19.377122
2093,-99.255556,19.377122
2094,-99.250556,19.377122
2095,-99.245556,19.377122
2096,-99.240556,19.377122
2097,-99.235556,19.377122
2098,-99.230556,19.377122
2099,-99.225556,19.377122
2100,-99.220556,19.377122
2101,-99.215556,19.377122
2102,-99.210556,19.377122
2103,-99.205556,19.377122
2104,-99.200556,19.377122
2105,-99.195556,19.377122
2106,-99.190556,19.377122
2107,-99.185556,19.377122
2108,-99.180556,19.377122
2109,-99.175556,19.377122
2110,-99.170556,19.377122
2111,-99.165556,19.377122
2112,-99.160556,19.377122
2113,-99.155556,19.377122
2114,-99.150556,19.377122
2115,-99.145556,19.377122
2116,-99.140556,19.377122
2117,-99.135556,19.377122
2118,-99.130556,19.377122
2119,-99.125556,19.377122
2120,-99.120556,19.377122
2121,-99.115556,19.377122
2122,-99.110556,19.377122
2123,-99.105556,19.377122
2124,-99.100556,19.377122
2125,-99.095556,19.377122
2126,-99.090556,19.377122
2127,-99.085556,19.377122
2128,-99.080556,19.377122
2129,-99.075556,19.377122
2130,-99.070556,19.377122
2131,-99.065556,19.377122
2132,-99.060556,19.377122
2133,-99.055556,19.377122
2134,-99.050556,19.377122
2135,-99.045556,19.377122
2136,-99.040556,19.377122
2137,-99.035556,19.377122
2138,-99.030556,19.377122
2139,-99.025556,19.377122
2140,-99.020556,19.377122
2141,-99.015556,19.377122
2142,-99.010556,19.377122
2143,-99.005556,19.377122
2144,-99.290556,19.382122
2145,-99.285556,19.382122
2146,-99.280556,19.382122
2147,-99.275556,19.382122
2148,-99.270556,19.382122
2149,-99.265556,19.382122
2150,-99.260556,19.382122
2151,-99.255556,19.382122
2152,-99.250556,19.382122
2153,-99.245556,19.382122
2154,-99.240556,19.382122
2155,-99.235556,19.382122
2156,-99.230556,19.382122
2157,-99.225556,19.382122
2158,-99.220556,19.382122
2159,-99.215556,19.382122
2160,-99.210556,19.382122
2161,-99.205556,19.382122
2162,-99.200556,19.382122
2163,-99.195556,19.382122
2164,-99.190556,19.382122
2165,-99.185556,19.382122
2166,-99.180556,19.382122
2167,-99.175556,19.382122
2168,-99.170556,19.382122
2169,-99.165556,19.382122
2170,-99.160556,19.382122
2171,-99.155556,19.382122
2172,-99.150556,19.382122
2173,-99.145556,19.382122
2174,-99.140556,19.382122
2175,-99.135556,19.382122
2176,-99.130556,19.382122
2177,-99.125556,19.382122
2178,-99.120556,19.382122
2179,-99.115556,19.382122
2180,-99.110556,19.382122
2181,-99.105556,19.382122
2182,-99.100556,19.382122
2183,-99.095556,19.382122
2184,-99.090556,19.382122
2185,-99.085556,19.382122
2186,-99.080556,19.382122
2187,-99.075556,19.382122
2188,-99.070556,19.382122
2189,-99.065556,19.382122
2190,-99.060556,19.382122
2191,-99.055556,19.382122
2192,-99.050556,19.382122
2193,-99.045556,19.382122
2194,-99.040556,19.382122
2195,-99.035556,19.382122
2196,-99.030556,19.382122
2197,-99.025556,19.382122
2198,-99.020556,19.382122
2199,-99.015556,19.382122
2200,-99.280556,19.387122
2201,-99.275556,19.387122
2202,-99.270556,19.387122
2203,-99.265556,19.387122
2204,-99.260556,19.387122
2205,-99.255556,19.387122
2206,-99.250556,19.387122
2207,-99.245556,19.387122
2208,-99.240556,19.387122
2209,-99.235556,19.387122
2210,-99.230556,19.387122
2211,-99.225556,19.387122
2212,-99.220556,19.387122
2213,-99.215556,19.387122
2214,-99.210556,19.387122
2215,-99.205556,19.387122
2216,-99.200556,19.387122
2217,-99.195556,19.387122
2218,-99.190556,19.387122
2219,-99.185556,19.387122
2220,-99.180556,19.387122
2221,-99.175556,19.387122
2222,-99.170556,19.387122
2223,-99.165556,19.387122
2224,-99.160556,19.387122
2225,-99.155556,19.387122
2226,-99.150556,19.387122
2227,-99.145556,19.387122
2228,-99.140556,19.387122
2229,-99.135556,19.387122
2230,-99.130556,19.387122
2231,-99.125556,19.387122
2232,-99.120556,19.387122
2233,-99.115556,19.387122
2234,-99.110556,19.387122
2235,-99.105556,19.387122
2236,-99.100556,19.387122
2237,-99.095556,19.387122
2238,-99.090556,19.387122
2239,-99.085556,19.387122
2240,-99.080556,19.387122
2241,-99.075556,19.387122
2242,-99.070556,19.387122
2243,-99.065556,19.387122
2244,-99.060556,19.387122
2245,-99.055556,19.387122
2246,-99.050556,19.387122
2247,-99.045556,19.387122
2248,-99.040556,19.387122
2249,-99.035556,19.387122
2250,-99.030556,19.387122
2251,-99.025556,19.387122
2252,-99.275556,19.392122
2253,-99.270556,19.392122
2254,-99.265556,19.392122
2255,-99.260556,19.392122
2256,-99.255556,19.392122
2257,-99.250556,19.392122
2258,-99.245556,19.392122
2259,-99.240556,19.392122
2260,-99.235556,19.392122
2261,-99.230556,19.392122
2262,-99.225556,19.392122
2263,-99.220556,19.392122
2264,-99.215556,19.392122
2265,-99.210556,19.392122
2266,-99.205556,19.392122
2267,-99.200556,19.392122
2268,-99.195556,19.392122
2269,-99.190556,19.392122
2270,-99.185556,19.392122
2271,-99.180556,19.392122
2272,-99.175556,19.392122
2273,-99.170556,19.392122
2274,-99.165556,19.392122
2275,-99.160556,19.392122
2276,-99.155556,19.392122
2277,-99.150556,19.392122
2278,-99.145556,19.392122
2279,-99.140556,19.392122
2280,-99.135556,19.392122
2281,-99.130556,19.392122
2282,-99.125556,19.392122
2283,-99.120556,19.392122
2284,-99.115556,19.392122
2285,-99.110556,19.392122
2286,-99.105556,19.392122
2287,-99.100556,19.392122
2288,-99.095556,19.392122
2289,-99.090556,19.392122
2290,-99.085556,19.392122
2291,-99.080556,19.392122
2292,-99.075556,19.392122
2293,-99.070556,19.392122
2294,-99.065556,19.392122
2295,-99.060556,19.392122
2296,-99.055556,19.392122
2297,-99.050556,19.392122
2298,-99.045556,19.392122
2299,-99.040556,19.392122
2300,-99.035556,19.392122
2301,-99.265556,19.397122
2302,-99.260556,19.397122
2303,-99.255556,19.397122
2304,-99.250556,19.397122
2305,-99.245556,19.397122
2306,-99.240556,19.397122
2307,-99.235556,19.397122
2308,-99.230556,19.397122
2309,-99.225556,19.397122
2310,-99.220556,19.397122
2311,-99.215556,19.397122
2312,-99.210556,19.397122
2313,-99.205556,19.397122
2314,-99.200556,19.397122
2315,-99.195556,19.397122
2316,-99.190556,19.397122
2317,-99.185556,19.397122
2318,-99.180556,19.397122
2319,-99.175556,19.397122
2320,-99.170556,19.397122
2321,-99.165556,19.397122
2322,-99.160556,19.397122
2323,-99.155556,19.397122
2324,-99.150556,19.397122
2325,-99.145556,19.397122
2326,-99.140556,19.397122
2327,-99.135556,19.397122
2328,-99.130556,19.397122
2329,-99.125556,19.397122
2330,-99.120556,19.397122
2331,-99.115556,19.397122
2332,-99.110556,19.397122
2333,-99.105556,19.397122
2334,-99.100556,19.397122
2335,-99.095556,19.397122
2336,-99.090556,19.397122
2337,-99.085556,19.397122
2338,-99.080556,19.397122
2339,-99.075556,19.397122
2340,-99.070556,19.397122
2341,-99.065556,19.397122
2342,-99.060556,19.397122
2343,-99.055556,19.397122
2344,-99.050556,19.397122
2345,-99.260556,19.402122
2346,-99.255556,19.402122
2347,-99.250556,19.402122
2348,-99.245556,19.402122
2349,-99.240556,19.402122
2350,-99.235556,19.402122
2351,-99.230556,19.402122
2352,-99.225556,19.402122
2353,-99.220556,19.402122
2354,-99.215556,19.402122
2355,-99.210556,19.402122
2356,-99.205556,19.402122
2357,-99.200556,19.402122
2358,-99.195556,19.402122
2359,-99.190556,19.402122
2360,-99.185556,19.402122
2361,-99.180556,19.402122
2362,-99.175556,19.402122
2363,-99.170556,19.402122
2364,-99.165556,19.402122
2365,-99.160556,19.402122
2366,-99.155556,19.402122
2367,-99.150556,19.402122
2368,-99.145556,19.402122
2369,-99.140556,19.402122
2370,-99.135556,19.402122
2371,-99.130556,19.402122
2372,-99.125556,19.402122
2373,-99.120556,19.402122
2374,-99.115556,19.402122
2375,-99.110556,19.402122
2376,-99.105556,19.402122
2377,-99.100556,19.402122
2378,-99.095556,19.402122
2379,-99.090556,19.402122
2380,-99.085556,19.402122
2381,-99.080556,19.402122
2382,-99.075556,19.402122
2383,-99.070556,19.402122
2384,-99.065556,19.402122
2385,-99.060556,19.402122
2386,-99.250556,19.407122
2387,-99.245556,19.407122
2388,-99.240556,19.407122
2389,-99.235556,19.407122
2390,-99.230556,19.407122
2391,-99.225556,19.407122
2392,-99.220556,19.407122
2393,-99.215556,19.407122
2394,-99.210556,19.407122
2395,-99.205556,19.407122
2396,-99.200556,19.407122
2397,-99.195556,19.407122
2398,-99.190556,19.407122
2399,-99.185556,19.407122
2400,-99.180556,19.407122
2401,-99.175556,19.407122
2402,-99.170556,19.407122
2403,-99.165556,19.407122
2404,-99.160556,19.407122
2405,-99.155556,19.407122
2406,-99.150556,19.407122
2407,-99.145556,19.407122
2408,-99.140556,19.407122
2409,-99.135556,19.407122
2410,-99.130556,19.407122
2411,-99.125556,19.407122
2412,-99.120556,19.407122
2413,-99.115556,19.407122
2414,-99.110556,19.407122
2415,-99.105556,19.407122
2416,-99.100556,19.407122
2417,-99.095556,19.407122
2418,-99.090556,19.407122
2419,-99.085556,19.407122
2420,-99.080556,19.407122
2421,-99.075556,19.407122
2422,-99.070556,19.407122
2423,-99.065556,19.407122
2424,-99.060556,19.407122
2425,-99.245556,19.412122
2426,-99.240556,19.412122
2427,-99.235556,19.412122
2428,-99.230556,19.412122
2429,-99.225556,19.412122
2430,-99.220556,19.412122
2431,-99.215556,19.412122
2432,-99.210556,19.412122
2433,-99.205556,19.412122
2434,-99.200556,19.412122
2435,-99.195556,19.412122
2436,-99.190556,19.412122
2437,-99.185556,19.412122
2438,-99.180556,19.412122
2439,-99.175556,19.412122
2440,-99.170556,19.412122
2441,-99.165556,19.412122
2442,-99.160556,19.412122
2443,-99.155556,19.412122
2444,-99.150556,19.412122
2445,-99.145556,19.412122
2446,-99.140556,19.412122
2447,-99.135556,19.412122
2448,-99.130556,19.412122
2449,-99.125556,19.412122
2450,-99.120556,19.412122
2451,-99.115556,19.412122
2452,-99.110556,19.412122
2453,-99.105556,19.412122
2454,-99.100556,19.412122
2455,-99.095556,19.412122
2456,-99.090556,19.412122
2457,-99.085556,19.412122
2458,-99.080556,19.412122
2459,-99.075556,19.412122
2460,-99.070556,19.412122
2461,-99.065556,19.412122
2462,-99.060556,19.412122
2463,-99.235556,19.417122
2464,-99.230556,19.417122
2465,-99.225556,19.417122
2466,-99.220556,19.417122
2467,-99.215556,19.417122
2468,-99.210556,19.417122
2469,-99.205556,19.417122
2470,-99.200556,19.417122
2471,-99.195556,19.417122
2472,-99.190556,19.417122
2473,-99.185556,19.417122
2474,-99.180556,19.417122
2475,-99.175556,19.417122
2476,-99.170556,19.417122
2477,-99.165556,19.417122
2478,-99.160556,19.417122
2479,-99.155556,19.417122
2480,-99.150556,19.417122
2481,-99.145556,19.417122
2482,-99.140556,19.417122
2483,-99.135556,19.417122
2484,-99.130556,19.417122
2485,-99.125556,19.417122
2486,-99.120556,19.417122
2487,-99.115556,19.417122
2488,-99.110556,19.417122
2489,-99.105556,19.417122
2490,-99.100556,19.417122
2491,-99.095556,19.417122
2492,-99.090556,19.417122
2493,-99.085556,19.417122
2494,-99.080556,19.417122
2495,-99.075556,19.417122
2496,-99.070556,19.417122
2497,-99.065556,19.417122
2498,-99.060556,19.417122
2499,-99.230556,19.422122
2500,-99.225556,19.422122
2501,-99.220556,19.422122
2502,-99.215556,19.422122
2503,-99.210556,19.422122
2504,-99.205556,19.422122
2505,-99.200556,19.422122
2506,-99.195556,19.422122
2507,-99.190556,19.422122
2508,-99.185556,19.422122
2509,-99.180556,19.422122
2510,-99.175556,19.422122
2511,-99.170556,19.422122
2512,-99.165556,19.422122
2513,-99.160556,19.422122
2514,-99.155556,19.422122
2515,-99.150556,19.422122
2516,-99.145556,19.422122
2517,-99.140556,19.422122
2518,-99.135556,19.422122
2519,-99.130556,19.422122
2520,-99.125556,19.422122
2521,-99.120556,19.422122
2522,-99.115556,19.422122
2523,-99.110556,19.422122
2524,-99.105556,19.422122
2525,-99.100556,19.422122
2526,-99.095556,19.422122
2527,-99.090556,19.422122
2528,-99.085556,19.422122
2529,-99.080556,19.422122
2530,-99.075556,19.422122
2531,-99.070556,19.422122
2532,-99.065556,19.422122
2533,-99.060556,19.422122
2534,-99.055556,19.422122
2535,-99.230556,19.427122
2536,-99.225556,19.427122
2537,-99.220556,19.427122
2538,-99.215556,19.427122
2539,-99.210556,19.427122
2540,-99.205556,19.427122
2541,-99.200556,19.427122
2542,-99.195556,19.427122
2543,-99.190556,19.427122
2544,-99.185556,19.427122
2545,-99.180556,19.427122
2546,-99.175556,19.427122
2547,-99.170556,19.427122
2548,-99.165556,19.427122
2549,-99.160556,19.427122
2550,-99.155556,19.427122
2551,-99.150556,19.427122
2552,-99.145556,19.427122
2553,-99.140556,19.427122
2554,-99.135556,19.427122
2555,-99.130556,19.427122
2556,-99.125556,19.427122
2557,-99.120556,19.427122
2558,-99.115556,19.427122
2559,-99.110556,19.427122
2560,-99.105556,19.427122
2561,-99.100556,19.427122
2562,-99.095556,19.427122
2563,-99.090556,19.427122
2564,-99.085556,19.427122
2565,-99.080556,19.427122
2566,-99.075556,19.427122
2567,-99.070556,19.427122
2568,-99.065556,19.427122
2569,-99.060556,19.427122
2570,-99.055556,19.427122
2571,-99.230556,19.432122
2572,-99.225556,19.432122
2573,-99.220556,19.432122
2574,-99.215556,19.432122
2575,-99.210556,19.432122
2576,-99.205556,19.432122
2577,-99.200556,19.432122
2578,-99.195556,19.432122
2579,-99.190556,19.432122
2580,-99.185556,19.432122
2581,-99.180556,19.432122
2582,-99.175556,19.432122
2583,-99.170556,19.432122
2584,-99.165556,19.432122
2585,-99.160556,19.432122
2586,-99.155556,19.432122
2587,-99.150556,19.432122
2588,-99.145556,19.432122
2589,-99.140556,19.432122
2590,-99.135556,19.432122
2591,-99.130556,19.432122
2592,-99.125556,19.432122
2593,-99.120556,19.432122
2594,-99.115556,19.432122
2595,-99.110556,19.432122
2596,-99.105556,19.432122
2597,-99.100556,19.432122
2598,-99.095556,19.432122
2599,-99.090556,19.432122
2600,-99.085556,19.432122
2601,-99.080556,19.432122
2602,-99.075556,19.432122
2603,-99.070556,19.432122
2604,-99.065556,19.432122
2605,-99.060556,19.432122
2606,-99.055556,19.432122
2607,-99.225556,19.437122
2608,-99.220556,19.437122
2609,-99.215556,19.437122
2610,-99.210556,19.437122
2611,-99.205556,19.437122
2612,-99.200556,19.437122
2613,-99.195556,19.437122
2614,-99.190556,19.437122
2615,-99.185556,19.437122
2616,-99.180556,19.437122
2617,-99.175556,19.437122
2618,-99.170556,19.437122
2619,-99.165556,19.437122
2620,-99.160556,19.437122
2621,-99.155556,19.437122
2622,-99.150556,19.437122
2623,-99.145556,19.437122
2624,-99.140556,19.437122
2625,-99.135556,19.437122
2626,-99.130556,19.437122
2627,-99.125556,19.437122
2628,-99.120556,19.437122
2629,-99.115556,19.437122
2630,-99.110556,19.437122
2631,-99.105556,19.437122
2632,-99.100556,19.437122
2633,-99.095556,19.437122
2634,-99.090556,19.437122
2635,-99.085556,19.437122
2636,-99.080556,19.437122
2637,-99.075556,19.437122
2638,-99.070556,19.437122
2639,-99.065556,19.437122
2640,-99.060556,19.437122
2641,-99.055556,19.437122
2642,-99.220556,19.442122
2643,-99.215556,19.442122
2644,-99.210556,19.442122
2645,-99.205556,19.442122
2646,-99.200556,19.442122
2647,-99.195556,19.442122
2648,-99.190556,19.442122
2649,-99.185556,19.442122
2650,-99.180556,19.442122
2651,-99.175556,19.442122
2652,-99.170556,19.442122
2653,-99.165556,19.442122
2654,-99.160556,19.442122
2655,-99.155556,19.442122
2656,-99.150556,19.442122
2657,-99.145556,19.442122
2658,-99.140556,19.442122
2659,-99.135556,19.442122
2660,-99.130556,19.442122
2661,-99.125556,19.442122
2662,-99.120556,19.442122
2663,-99.115556,19.442122
2664,-99.110556,19.442122
2665,-99.105556,19.442122
2666,-99.100556,19.442122
2667,-99.095556,19.442122
2668,-99.090556,19.442122
2669,-99.085556,19.442122
2670,-99.080556,19.442122
2671,-99.075556,19.442122
2672,-99.070556,19.442122
2673,-99.065556,19.442122
2674,-99.060556,19.442122
2675,-99.055556,19.442122
2676,-99.050556,19.442122
2677,-99.220556,19.447122
2678,-99.215556,19.447122
2679,-99.210556,19.447122
2680,-99.205556,19.447122
2681,-99.200556,19.447122
2682,-99.195556,19.447122
2683,-99.190556,19.447122
2684,-99.185556,19.447122
2685,-99.180556,19.447122
2686,-99.175556,19.447122
2687,-99.170556,19.447122
2688,-99.165556,19.447122
2689,-99.160556,19.447122
2690,-99.155556,19.447122
2691,-99.150556,19.447122
2692,-99.145556,19.447122
2693,-99.140556,19.447122
2694,-99.135556,19.447122
2695,-99.130556,19.447122
2696,-99.125556,19.447122
2697,-99.120556,19.447122
2698,-99.115556,19.447122
2699,-99.110556,19.447122
2700,-99.105556,19.447122
2701,-99.100556,19.447122
2702,-99.095556,19.447122
2703,-99.090556,19.447122
2704,-99.085556,19.447122
2705,-99.080556,19.447122
2706,-99.075556,19.447122
2707,-99.070556,19.447122
2708,-99.065556,19.447122
2709,-99.060556,19.447122
2710,-99.055556,19.447122
2711,-99.050556,19.447122
2712,-99.215556,19.452122
2713,-99.210556,19.452122
2714,-99.205556,19.452122
2715,-99.200556,19.452122
2716,-99.195556,19.452122
2717,-99.190556,19.452122
2718,-99.185556,19.452122
2719,-99.180556,19.452122
2720,-99.175556,19.452122
2721,-99.170556,19.452122
2722,-99.165556,19.452122
2723,-99.160556,19.452122
2724,-99.155556,19.452122
2725,-99.150556,19.452122
2726,-99.145556,19.452122
2727,-99.140556,19.452122
2728,-99.135556,19.452122
2729,-99.130556,19.452122
2730,-99.125556,19.452122
2731,-99.120556,19.452122
2732,-99.115556,19.452122
2733,-99.110556,19.452122
2734,-99.105556,19.452122
2735,-99.100556,19.452122
2736,-99.095556,19.452122
2737,-99.090556,19.452122
2738,-99.085556,19.452122
2739,-99.080556,19.452122
2740,-99.075556,19.452122
2741,-99.070556,19.452122
2742,-99.065556,19.452122
2743,-99.060556,19.452122
2744,-99.055556,19.452122
2745,-99.215556,19.457122
2746,-99.210556,19.457122
2747,-99.205556,19.457122
2748,-99.200556,19.457122
2749,-99.195556,19.457122
2750,-99.190556,19.457122
2751,-99.185556,19.457122
2752,-99.180556,19.457122
2753,-99.175556,19.457122
2754,-99.170556,19.457122
2755,-99.165556,19.457122
2756,-99.160556,19.457122
2757,-99.155556,19.457122
2758,-99.150556,19.457122
2759,-99.145556,19.457122
2760,-99.140556,19.457122
2761,-99.135556,19.457122
2762,-99.130556,19.457122
2763,-99.125556,19.457122
2764,-99.120556,19.457122
2765,-99.115556,19.457122
2766,-99.110556,19.457122
2767,-99.105556,19.457122
2768,-99.100556,19.457122
2769,-99.095556,19.457122
2770,-99.090556,19.457122
2771,-99.085556,19.457122
2772,-99.080556,19.457122
2773,-99.075556,19.457122
2774,-99.070556,19.457122
2775,-99.065556,19.457122
2776,-99.060556,19.457122
2777,-99.055556,19.457122
2778,-99.215556,19.462122
2779,-99.210556,19.462122
2780,-99.205556,19.462122
2781,-99.200556,19.462122
2782,-99.195556,19.462122
2783,-99.190556,19.462122
2784,-99.185556,19.462122
2785,-99.180556,19.462122
2786,-99.175556,19.462122
2787,-99.170556,19.462122
2788,-99.165556,19.462122
2789,-99.160556,19.462122
2790,-99.155556,19.462122
2791,-99.150556,19.462122
2792,-99.145556,19.462122
2793,-99.140556,19.462122
2794,-99.135556,19.462122
2795,-99.130556,19.462122
2796,-99.125556,19.462122
2797,-99.120556,19.462122
2798,-99.115556,19.462122
2799,-99.110556,19.462122
2800,-99.105556,19.462122
2801,-99.100556,19.462122
2802,-99.095556,19.462122
2803,-99.090556,19.462122
2804,-99.085556,19.462122
2805,-99.080556,19.462122
2806,-99.075556,19.462122
2807,-99.070556,19.462122
2808,-99.065556,19.462122
2809,-99.060556,19.462122
2810,-99.055556,19.462122
2811,-99.215556,19.467122
2812,-99.210556,19.467122
2813,-99.205556,19.467122
2814,-99.200556,19.467122
2815,-99.195556,19.467122
2816,-99.190556,19.467122
2817,-99.185556,19.467122
2818,-99.180556,19.467122
2819,-99.175556,19.467122
2820,-99.170556,19.467122
2821,-99.165556,19.467122
2822,-99.160556,19.467122
2823,-99.155556,19.467122
2824,-99.150556,19.467122
2825,-99.145556,19.467122
2826,-99.140556,19.467122
2827,-99.135556,19.467122
2828,-99.130556,19.467122
2829,-99.125556,19.467122
2830,-99.120556,19.467122
2831,-99.115556,19.467122
2832,-99.110556,19.467122
2833,-99.105556,19.467122
2834,-99.100556,19.467122
2835,-99.095556,19.467122
2836,-99.090556,19.467122
2837,-99.085556,19.467122
2838,-99.080556,19.467122
2839,-99.075556,19.467122
2840,-99.070556,19.467122
2841,-99.065556,19.467122
2842,-99.060556,19.467122
2843,-99.055556,19.467122
2844,-99.220556,19.472122
2845,-99.215556,19.472122
2846,-99.210556,19.472122
2847,-99.205556,19.472122
2848,-99.200556,19.472122
2849,-99.195556,19.472122
2850,-99.190556,19.472122
2851,-99.185556,19.472122
2852,-99.180556,19.472122
2853,-99.175556,19.472122
2854,-99.170556,19.472122
2855,-99.165556,19.472122
2856,-99.160556,19.472122
2857,-99.155556,19.472122
2858,-99.150556,19.472122
2859,-99.145556,19.472122
2860,-99.140556,19.472122
2861,-99.135556,19.472122
2862,-99.130556,19.472122
2863,-99.125556,19.472122
2864,-99.120556,19.472122
2865,-99.115556,19.472122
2866,-99.110556,19.472122
2867,-99.105556,19.472122
2868,-99.100556,19.472122
2869,-99.095556,19.472122
2870,-99.090556,19.472122
2871,-99.085556,19.472122
2872,-99.080556,19.472122
2873,-99.075556,19.472122
2874,-99.070556,19.472122
2875,-99.065556,19.472122
2876,-99.060556,19.472122
2877,-99.220556,19.477122
2878,-99.215556,19.477122
2879,-99.210556,19.477122
2880,-99.205556,19.477122
2881,-99.200556,19.477122
2882,-99.195556,19.477122
2883,-99.190556,19.477122
2884,-99.185556,19.477122
2885,-99.180556,19.477122
2886,-99.175556,19.477122
2887,-99.170556,19.477122
2888,-99.165556,19.477122
2889,-99.160556,19.477122
2890,-99.155556,19.477122
2891,-99.150556,19.477122
2892,-99.145556,19.477122
2893,-99.140556,19.477122
2894,-99.135556,19.477122
2895,-99.130556,19.477122
2896,-99.125556,19.477122
2897,-99.120556,19.477122
2898,-99.115556,19.477122
2899,-99.110556,19.477122
2900,-99.105556,19.477122
2901,-99.100556,19.477122
2902,-99.095556,19.477122
2903,-99.090556,19.477122
2904,-99.085556,19.477122
2905,-99.080556,19.477122
2906,-99.075556,19.477122
2907,-99.070556,19.477122
2908,-99.065556,19.477122
2909,-99.060556,19.477122
2910,-99.220556,19.482122
2911,-99.215556,19.482122
2912,-99.210556,19.482122
2913,-99.205556,19.482122
2914,-99.200556,19.482122
2915,-99.195556,19.482122
2916,-99.190556,19.482122
2917,-99.185556,19.482122
2918,-99.180556,19.482122
2919,-99.175556,19.482122
2920,-99.170556,19.482122
2921,-99.165556,19.482122
2922,-99.160556,19.482122
2923,-99.155556,19.482122
2924,-99.150556,19.482122
2925,-99.145556,19.482122
2926,-99.140556,19.482122
2927,-99.135556,19.482122
2928,-99.130556,19.482122
2929,-99.125556,19.482122
2930,-99.120556,19.482122
2931,-99.115556,19.482122
2932,-99.110556,19.482122
2933,-99.105556,19.482122
2934,-99.100556,19.482122
2935,-99.095556,19.482122
2936,-99.090556,19.482122
2937,-99.085556,19.482122
2938,-99.080556,19.482122
2939,-99.075556,19.482122
2940,-99.070556,19.482122
2941,-99.065556,19.482122
2942,-99.220556,19.487122
2943,-99.215556,19.487122
2944,-99.210556,19.487122
2945,-99.205556,19.487122
2946,-99.200556,19.487122
2947,-99.195556,19.487122
2948,-99.190556,19.487122
2949,-99.185556,19.487122
2950,-99.180556,19.487122
2951,-99.175556,19.487122
2952,-99.170556,19.487122
2953,-99.165556,19.487122
2954,-99.160556,19.487122
2955,-99.155556,19.487122
2956,-99.150556,19.487122
2957,-99.145556,19.487122
2958,-99.140556,19.487122
2959,-99.135556,19.487122
2960,-99.130556,19.487122
2961,-99.125556,19.487122
2962,-99.120556,19.487122
2963,-99.115556,19.487122
2964,-99.110556,19.487122
2965,-99.105556,19.487122
2966,-99.100556,19.487122
2967,-99.095556,19.487122
2968,-99.090556,19.487122
2969,-99.085556,19.487122
2970,-99.080556,19.487122
2971,-99.075556,19.487122
2972,-99.070556,19.487122
2973,-99.065556,19.487122
2974,-99.215556,19.492122
2975,-99.210556,19.492122
2976,-99.205556,19.492122
2977,-99.200556,19.492122
2978,-99.195556,19.492122
2979,-99.190556,19.492122
2980,-99.185556,19.492122
2981,-99.180556,19.492122
2982,-99.175556,19.492122
2983,-99.170556,19.492122
2984,-99.165556,19.492122
2985,-99.160556,19.492122
2986,-99.155556,19.492122
2987,-99.150556,19.492122
2988,-99.145556,19.492122
2989,-99.140556,19.492122
2990,-99.135556,19.492122
2991,-99.130556,19.492122
2992,-99.125556,19.492122
2993,-99.120556,19.492122
2994,-99.115556,19.492122
2995,-99.110556,19.492122
2996,-99.105556,19.492122
2997,-99.100556,19.492122
2998,-99.095556,19.492122
2999,-99.090556,19.492122
3000,-99.085556,19.492122
3001,-99.080556,19.492122
3002,-99.075556,19.492122
3003,-99.070556,19.492122
3004,-99.065556,19.492122
3005,-99.215556,19.497122
3006,-99.210556,19.497122
3007,-99.205556,19.497122
3008,-99.200556,19.497122
3009,-99.195556,19.497122
3010,-99.190556,19.497122
3011,-99.185556,19.497122
3012,-99.180556,19.497122
3013,-99.175556,19.497122
3014,-99.170556,19.497122
3015,-99.165556,19.497122
3016,-99.160556,19.497122
3017,-99.155556,19.497122
3018,-99.150556,19.497122
3019,-99.145556,19.497122
3020,-99.140556,19.497122
3021,-99.135556,19.497122
3022,-99.130556,19.497122
3023,-99.125556,19.497122
3024,-99.120556,19.497122
3025,-99.115556,19.497122
3026,-99.110556,19.497122
3027,-99.105556,19.497122
3028,-99.100556,19.497122
3029,-99.095556,19.497122
3030,-99.090556,19.497122
3031,-99.085556,19.497122
3032,-99.080556,19.497122
3033,-99.075556,19.497122
3034,-99.070556,19.497122
3035,-99.065556,19.497122
3036,-99.215556,19.502122
3037,-99.210556,19.502122
3038,-99.205556,19.502122
3039,-99.200556,19.502122
3040,-99.195556,19.502122
3041,-99.190556,19.502122
3042,-99.185556,19.502122
3043,-99.180556,19.502122
3044,-99.175556,19.502122
3045,-99.170556,19.502122
3046,-99.165556,19.502122
3047,-99.160556,19.502122
3048,-99.155556,19.502122
3049,-99.150556,19.502122
3050,-99.145556,19.502122
3051,-99.140556,19.502122
3052,-99.135556,19.502122
3053,-99.130556,19.502122
3054,-99.125556,19.502122
3055,-99.120556,19.502122
3056,-99.115556,19.502122
3057,-99.110556,19.502122
3058,-99.105556,19.502122
3059,-99.100556,19.502122
3060,-99.095556,19.502122
3061,-99.090556,19.502122
3062,-99.085556,19.502122
3063,-99.080556,19.502122
3064,-99.075556,19.502122
3065,-99.070556,19.502122
3066,-99.065556,19.502122
3067,-99.210556,19.507122
3068,-99.205556,19.507122
3069,-99.200556,19.507122
3070,-99.195556,19.507122
3071,-99.190556,19.507122
3072,-99.185556,19.507122
3073,-99.180556,19.507122
3074,-99.175556,19.507122
3075,-99.170556,19.507122
3076,-99.165556,19.507122
3077,-99.160556,19.507122
3078,-99.155556,19.507122
3079,-99.150556,19.507122
3080,-99.145556,19.507122
3081,-99.140556,19.507122
3082,-99.135556,19.507122
3083,-99.130556,19.507122
3084,-99.125556,19.507122
3085,-99.120556,19.507122
3086,-99.115556,19.507122
3087,-99.110556,19.507122
3088,-99.105556,19.507122
3089,-99.100556,19.507122
3090,-99.095556,19.507122
3091,-99.090556,19.507122
3092,-99.085556,19.507122
3093,-99.080556,19.507122
3094,-99.210556,19.512122
3095,-99.205556,19.512122
3096,-99.200556,19.512122
3097,-99.195556,19.512122
3098,-99.190556,19.512122
3099,-99.185556,19.512122
3100,-99.180556,19.512122
3101,-99.175556,19.512122
3102,-99.170556,19.512122
3103,-99.165556,19.512122
3104,-99.160556,19.512122
3105,-99.155556,19.512122
3106,-99.150556,19.512122
3107,-99.145556,19.512122
3108,-99.140556,19.512122
3109,-99.135556,19.512122
3110,-99.130556,19.512122
3111,-99.125556,19.512122
3112,-99.120556,19.512122
3113,-99.115556,19.512122
3114,-99.110556,19.512122
3115,-99.105556,19.512122
3116,-99.100556,19.512122
3117,-99.095556,19.512122
3118,-99.210556,19.517122
3119,-99.205556,19.517122
3120,-99.200556,19.517122
3121,-99.195556,19.517122
3122,-99.165556,19.517122
3123,-99.160556,19.517122
3124,-99.155556,19.517122
3125,-99.150556,19.517122
3126,-99.145556,19.517122
3127,-99.140556,19.517122
3128,-99.135556,19.517122
3129,-99.130556,19.517122
3130,-99.125556,19.517122
3131,-99.120556,19.517122
3132,-99.115556,19.517122
3133,-99.170556,19.522122
3134,-99.165556,19.522122
3135,-99.160556,19.522122
3136,-99.155556,19.522122
3137,-99.150556,19.522122
3138,-99.145556,19.522122
3139,-99.140556,19.522122
3140,-99.135556,19.522122
3141,-99.130556,19.522122
3142,-99.125556,19.522122
3143,-99.175556,19.527122
3144,-99.170556,19.527122
3145,-99.165556,19.527122
3146,-99.160556,19.527122
3147,-99.155556,19.527122
3148,-99.150556,19.527122
3149,-99.145556,19.527122
3150,-99.140556,19.527122
3151,-99.135556,19.527122
3152,-99.130556,19.527122
3153,-99.175556,19.532122
3154,-99.170556,19.532122
3155,-99.165556,19.532122
3156,-99.160556,19.532122
3157,-99.155556,19.532122
3158,-99.150556,19.532122
3159,-99.145556,19.532122
3160,-99.140556,19.532122
3161,-99.135556,19.532122
3162,-99.155556,19.537122
3163,-99.150556,19.537122
3164,-99.145556,19.537122
3165,-99.140556,19.537122
3166,-99.135556,19.537122
3167,-99.160556,19.542122
3168,-99.155556,19.542122
3169,-99.150556,19.542122
3170,-99.145556,19.542122
3171,-99.140556,19.542122
3172,-99.135556,19.542122
3173,-99.130556,19.542122
3174,-99.160556,19.547122
3175,-99.155556,19.547122
3176,-99.150556,19.547122
3177,-99.145556,19.547122
3178,-99.140556,19.547122
3179,-99.135556,19.547122
3180,-99.130556,19.547122
3181,-99.125556,19.547122
3182,-99.155556,19.552122
3183,-99.150556,19.552122
3184,-99.145556,19.552122
3185,-99.140556,19.552122
3186,-99.135556,19.552122
3187,-99.130556,19.552122
3188,-99.125556,19.552122
3189,-99.120556,19.552122
3190,-99.155556,19.557122
3191,-99.150556,19.557122
3192,-99.145556,19.557122
3193,-99.140556,19.557122
3194,-99.135556,19.557122
3195,-99.130556,19.557122
3196,-99.125556,19.557122
3197,-99.120556,19.557122
3198,-99.150556,19.562122
3199,-99.145556,19.562122
3200,-99.140556,19.562122
3201,-99.135556,19.562122
3202,-99.130556,19.562122
3203,-99.125556,19.562122
3204,-99.120556,19.562122
3205,-99.145556,19.567122
3206,-99.140556,19.567122
3207,-99.135556,19.567122
3208,-99.130556,19.567122
3209,-99.125556,19.567122
3210,-99.120556,19.567122
3211,-99.140556,19.572122
3212,-99.135556,19.572122
3213,-99.130556,19.572122
3214,-99.125556,19.572122
3215,-99.120556,19.572122
3216,-99.135556,19.577122
3217,-99.130556,19.577122
3218,-99.125556,19.577122
3219,-99.120556,19.577122
